DEBUG 2026-05-08 00:00:55,990 utils (0.004) 
            SELECT
                c.relname,
                CASE
                    WHEN c.relispartition THEN 'p'
                    WHEN c.relkind IN ('m', 'v') THEN 'v'
                    ELSE 't'
                END,
                obj_description(c.oid, 'pg_class')
            FROM pg_catalog.pg_class c
            LEFT JOIN pg_catalog.pg_namespace n ON n.oid = c.relnamespace
            WHERE c.relkind IN ('f', 'm', 'p', 'r', 'v')
                AND n.nspname NOT IN ('pg_catalog', 'pg_toast')
                AND pg_catalog.pg_table_is_visible(c.oid)
        ; args=None; alias=default
DEBUG 2026-05-08 00:02:01,155 utils (0.003) 
            SELECT
                c.relname,
                CASE
                    WHEN c.relispartition THEN 'p'
                    WHEN c.relkind IN ('m', 'v') THEN 'v'
                    ELSE 't'
                END,
                obj_description(c.oid, 'pg_class')
            FROM pg_catalog.pg_class c
            LEFT JOIN pg_catalog.pg_namespace n ON n.oid = c.relnamespace
            WHERE c.relkind IN ('f', 'm', 'p', 'r', 'v')
                AND n.nspname NOT IN ('pg_catalog', 'pg_toast')
                AND pg_catalog.pg_table_is_visible(c.oid)
        ; args=None; alias=default
DEBUG 2026-05-08 00:02:01,158 utils (0.001) 
            SELECT
                c.relname,
                CASE
                    WHEN c.relispartition THEN 'p'
                    WHEN c.relkind IN ('m', 'v') THEN 'v'
                    ELSE 't'
                END,
                obj_description(c.oid, 'pg_class')
            FROM pg_catalog.pg_class c
            LEFT JOIN pg_catalog.pg_namespace n ON n.oid = c.relnamespace
            WHERE c.relkind IN ('f', 'm', 'p', 'r', 'v')
                AND n.nspname NOT IN ('pg_catalog', 'pg_toast')
                AND pg_catalog.pg_table_is_visible(c.oid)
        ; args=None; alias=default
DEBUG 2026-05-08 00:02:01,160 utils (0.001) 
            SELECT
                c.relname,
                CASE
                    WHEN c.relispartition THEN 'p'
                    WHEN c.relkind IN ('m', 'v') THEN 'v'
                    ELSE 't'
                END,
                obj_description(c.oid, 'pg_class')
            FROM pg_catalog.pg_class c
            LEFT JOIN pg_catalog.pg_namespace n ON n.oid = c.relnamespace
            WHERE c.relkind IN ('f', 'm', 'p', 'r', 'v')
                AND n.nspname NOT IN ('pg_catalog', 'pg_toast')
                AND pg_catalog.pg_table_is_visible(c.oid)
        ; args=None; alias=default
DEBUG 2026-05-08 00:02:01,162 utils (0.000) BEGIN; args=None; alias=default
DEBUG 2026-05-08 00:02:01,163 schema CREATE TABLE "django_migrations" ("id" bigint NOT NULL PRIMARY KEY GENERATED BY DEFAULT AS IDENTITY, "app" varchar(255) NOT NULL, "name" varchar(255) NOT NULL, "applied" timestamp with time zone NOT NULL); (params None)
DEBUG 2026-05-08 00:02:01,192 utils (0.029) CREATE TABLE "django_migrations" ("id" bigint NOT NULL PRIMARY KEY GENERATED BY DEFAULT AS IDENTITY, "app" varchar(255) NOT NULL, "name" varchar(255) NOT NULL, "applied" timestamp with time zone NOT NULL); args=None; alias=default
DEBUG 2026-05-08 00:02:01,198 utils (0.005) COMMIT; args=None; alias=default
DEBUG 2026-05-08 00:02:01,198 utils (0.000) BEGIN; args=None; alias=default
DEBUG 2026-05-08 00:02:01,199 schema CREATE TABLE "django_content_type" ("id" integer NOT NULL PRIMARY KEY GENERATED BY DEFAULT AS IDENTITY, "name" varchar(100) NOT NULL, "app_label" varchar(100) NOT NULL, "model" varchar(100) NOT NULL); (params None)
DEBUG 2026-05-08 00:02:01,202 utils (0.003) CREATE TABLE "django_content_type" ("id" integer NOT NULL PRIMARY KEY GENERATED BY DEFAULT AS IDENTITY, "name" varchar(100) NOT NULL, "app_label" varchar(100) NOT NULL, "model" varchar(100) NOT NULL); args=None; alias=default
DEBUG 2026-05-08 00:02:01,205 schema ALTER TABLE "django_content_type" ADD CONSTRAINT "django_content_type_app_label_model_76bd3d3b_uniq" UNIQUE ("app_label", "model"); (params None)
DEBUG 2026-05-08 00:02:01,208 utils (0.003) ALTER TABLE "django_content_type" ADD CONSTRAINT "django_content_type_app_label_model_76bd3d3b_uniq" UNIQUE ("app_label", "model"); args=None; alias=default
DEBUG 2026-05-08 00:02:01,212 utils (0.003) 
            SELECT
                c.relname,
                CASE
                    WHEN c.relispartition THEN 'p'
                    WHEN c.relkind IN ('m', 'v') THEN 'v'
                    ELSE 't'
                END,
                obj_description(c.oid, 'pg_class')
            FROM pg_catalog.pg_class c
            LEFT JOIN pg_catalog.pg_namespace n ON n.oid = c.relnamespace
            WHERE c.relkind IN ('f', 'm', 'p', 'r', 'v')
                AND n.nspname NOT IN ('pg_catalog', 'pg_toast')
                AND pg_catalog.pg_table_is_visible(c.oid)
        ; args=None; alias=default
DEBUG 2026-05-08 00:02:01,219 utils (0.006) INSERT INTO "django_migrations" ("app", "name", "applied") VALUES ('contenttypes', '0001_initial', '2026-05-08T05:02:01.213453+00:00'::timestamptz) RETURNING "django_migrations"."id"; args=('contenttypes', '0001_initial', datetime.datetime(2026, 5, 8, 5, 2, 1, 213453, tzinfo=datetime.timezone.utc)); alias=default
DEBUG 2026-05-08 00:02:01,220 utils (0.000) COMMIT; args=None; alias=default
DEBUG 2026-05-08 00:02:01,220 utils (0.000) BEGIN; args=None; alias=default
DEBUG 2026-05-08 00:02:01,222 schema CREATE TABLE "auth_permission" ("id" integer NOT NULL PRIMARY KEY GENERATED BY DEFAULT AS IDENTITY, "name" varchar(50) NOT NULL, "content_type_id" integer NOT NULL, "codename" varchar(100) NOT NULL); (params None)
DEBUG 2026-05-08 00:02:01,227 utils (0.005) CREATE TABLE "auth_permission" ("id" integer NOT NULL PRIMARY KEY GENERATED BY DEFAULT AS IDENTITY, "name" varchar(50) NOT NULL, "content_type_id" integer NOT NULL, "codename" varchar(100) NOT NULL); args=None; alias=default
DEBUG 2026-05-08 00:02:01,230 schema CREATE TABLE "auth_group" ("id" integer NOT NULL PRIMARY KEY GENERATED BY DEFAULT AS IDENTITY, "name" varchar(80) NOT NULL UNIQUE); (params None)
DEBUG 2026-05-08 00:02:01,234 utils (0.004) CREATE TABLE "auth_group" ("id" integer NOT NULL PRIMARY KEY GENERATED BY DEFAULT AS IDENTITY, "name" varchar(80) NOT NULL UNIQUE); args=None; alias=default
DEBUG 2026-05-08 00:02:01,235 schema CREATE TABLE "auth_group_permissions" ("id" bigint NOT NULL PRIMARY KEY GENERATED BY DEFAULT AS IDENTITY, "group_id" integer NOT NULL, "permission_id" integer NOT NULL); (params None)
DEBUG 2026-05-08 00:02:01,240 utils (0.005) CREATE TABLE "auth_group_permissions" ("id" bigint NOT NULL PRIMARY KEY GENERATED BY DEFAULT AS IDENTITY, "group_id" integer NOT NULL, "permission_id" integer NOT NULL); args=None; alias=default
DEBUG 2026-05-08 00:02:01,245 schema CREATE TABLE "auth_user" ("id" integer NOT NULL PRIMARY KEY GENERATED BY DEFAULT AS IDENTITY, "password" varchar(128) NOT NULL, "last_login" timestamp with time zone NOT NULL, "is_superuser" boolean NOT NULL, "username" varchar(30) NOT NULL UNIQUE, "first_name" varchar(30) NOT NULL, "last_name" varchar(30) NOT NULL, "email" varchar(75) NOT NULL, "is_staff" boolean NOT NULL, "is_active" boolean NOT NULL, "date_joined" timestamp with time zone NOT NULL); (params None)
DEBUG 2026-05-08 00:02:01,250 utils (0.005) CREATE TABLE "auth_user" ("id" integer NOT NULL PRIMARY KEY GENERATED BY DEFAULT AS IDENTITY, "password" varchar(128) NOT NULL, "last_login" timestamp with time zone NOT NULL, "is_superuser" boolean NOT NULL, "username" varchar(30) NOT NULL UNIQUE, "first_name" varchar(30) NOT NULL, "last_name" varchar(30) NOT NULL, "email" varchar(75) NOT NULL, "is_staff" boolean NOT NULL, "is_active" boolean NOT NULL, "date_joined" timestamp with time zone NOT NULL); args=None; alias=default
DEBUG 2026-05-08 00:02:01,250 schema CREATE TABLE "auth_user_groups" ("id" bigint NOT NULL PRIMARY KEY GENERATED BY DEFAULT AS IDENTITY, "user_id" integer NOT NULL, "group_id" integer NOT NULL); (params None)
DEBUG 2026-05-08 00:02:01,257 utils (0.007) CREATE TABLE "auth_user_groups" ("id" bigint NOT NULL PRIMARY KEY GENERATED BY DEFAULT AS IDENTITY, "user_id" integer NOT NULL, "group_id" integer NOT NULL); args=None; alias=default
DEBUG 2026-05-08 00:02:01,258 schema CREATE TABLE "auth_user_user_permissions" ("id" bigint NOT NULL PRIMARY KEY GENERATED BY DEFAULT AS IDENTITY, "user_id" integer NOT NULL, "permission_id" integer NOT NULL); (params None)
DEBUG 2026-05-08 00:02:01,263 utils (0.004) CREATE TABLE "auth_user_user_permissions" ("id" bigint NOT NULL PRIMARY KEY GENERATED BY DEFAULT AS IDENTITY, "user_id" integer NOT NULL, "permission_id" integer NOT NULL); args=None; alias=default
DEBUG 2026-05-08 00:02:01,263 schema ALTER TABLE "auth_permission" ADD CONSTRAINT "auth_permission_content_type_id_codename_01ab375a_uniq" UNIQUE ("content_type_id", "codename"); (params None)
DEBUG 2026-05-08 00:02:01,265 utils (0.002) ALTER TABLE "auth_permission" ADD CONSTRAINT "auth_permission_content_type_id_codename_01ab375a_uniq" UNIQUE ("content_type_id", "codename"); args=None; alias=default
DEBUG 2026-05-08 00:02:01,265 schema ALTER TABLE "auth_permission" ADD CONSTRAINT "auth_permission_content_type_id_2f476e4b_fk_django_co" FOREIGN KEY ("content_type_id") REFERENCES "django_content_type" ("id") DEFERRABLE INITIALLY DEFERRED; (params None)
DEBUG 2026-05-08 00:02:01,271 utils (0.006) ALTER TABLE "auth_permission" ADD CONSTRAINT "auth_permission_content_type_id_2f476e4b_fk_django_co" FOREIGN KEY ("content_type_id") REFERENCES "django_content_type" ("id") DEFERRABLE INITIALLY DEFERRED; args=None; alias=default
DEBUG 2026-05-08 00:02:01,272 schema CREATE INDEX "auth_permission_content_type_id_2f476e4b" ON "auth_permission" ("content_type_id"); (params None)
DEBUG 2026-05-08 00:02:01,274 utils (0.002) CREATE INDEX "auth_permission_content_type_id_2f476e4b" ON "auth_permission" ("content_type_id"); args=None; alias=default
DEBUG 2026-05-08 00:02:01,275 schema CREATE INDEX "auth_group_name_a6ea08ec_like" ON "auth_group" ("name" varchar_pattern_ops); (params None)
DEBUG 2026-05-08 00:02:01,276 utils (0.001) CREATE INDEX "auth_group_name_a6ea08ec_like" ON "auth_group" ("name" varchar_pattern_ops); args=None; alias=default
DEBUG 2026-05-08 00:02:01,276 schema ALTER TABLE "auth_group_permissions" ADD CONSTRAINT "auth_group_permissions_group_id_permission_id_0cd325b0_uniq" UNIQUE ("group_id", "permission_id"); (params None)
DEBUG 2026-05-08 00:02:01,277 utils (0.001) ALTER TABLE "auth_group_permissions" ADD CONSTRAINT "auth_group_permissions_group_id_permission_id_0cd325b0_uniq" UNIQUE ("group_id", "permission_id"); args=None; alias=default
DEBUG 2026-05-08 00:02:01,277 schema ALTER TABLE "auth_group_permissions" ADD CONSTRAINT "auth_group_permissions_group_id_b120cbf9_fk_auth_group_id" FOREIGN KEY ("group_id") REFERENCES "auth_group" ("id") DEFERRABLE INITIALLY DEFERRED; (params None)
DEBUG 2026-05-08 00:02:01,279 utils (0.001) ALTER TABLE "auth_group_permissions" ADD CONSTRAINT "auth_group_permissions_group_id_b120cbf9_fk_auth_group_id" FOREIGN KEY ("group_id") REFERENCES "auth_group" ("id") DEFERRABLE INITIALLY DEFERRED; args=None; alias=default
DEBUG 2026-05-08 00:02:01,279 schema ALTER TABLE "auth_group_permissions" ADD CONSTRAINT "auth_group_permissio_permission_id_84c5c92e_fk_auth_perm" FOREIGN KEY ("permission_id") REFERENCES "auth_permission" ("id") DEFERRABLE INITIALLY DEFERRED; (params None)
DEBUG 2026-05-08 00:02:01,280 utils (0.001) ALTER TABLE "auth_group_permissions" ADD CONSTRAINT "auth_group_permissio_permission_id_84c5c92e_fk_auth_perm" FOREIGN KEY ("permission_id") REFERENCES "auth_permission" ("id") DEFERRABLE INITIALLY DEFERRED; args=None; alias=default
DEBUG 2026-05-08 00:02:01,281 schema CREATE INDEX "auth_group_permissions_group_id_b120cbf9" ON "auth_group_permissions" ("group_id"); (params None)
DEBUG 2026-05-08 00:02:01,282 utils (0.001) CREATE INDEX "auth_group_permissions_group_id_b120cbf9" ON "auth_group_permissions" ("group_id"); args=None; alias=default
DEBUG 2026-05-08 00:02:01,283 schema CREATE INDEX "auth_group_permissions_permission_id_84c5c92e" ON "auth_group_permissions" ("permission_id"); (params None)
DEBUG 2026-05-08 00:02:01,284 utils (0.001) CREATE INDEX "auth_group_permissions_permission_id_84c5c92e" ON "auth_group_permissions" ("permission_id"); args=None; alias=default
DEBUG 2026-05-08 00:02:01,284 schema CREATE INDEX "auth_user_username_6821ab7c_like" ON "auth_user" ("username" varchar_pattern_ops); (params None)
DEBUG 2026-05-08 00:02:01,288 utils (0.003) CREATE INDEX "auth_user_username_6821ab7c_like" ON "auth_user" ("username" varchar_pattern_ops); args=None; alias=default
DEBUG 2026-05-08 00:02:01,288 schema ALTER TABLE "auth_user_groups" ADD CONSTRAINT "auth_user_groups_user_id_group_id_94350c0c_uniq" UNIQUE ("user_id", "group_id"); (params None)
DEBUG 2026-05-08 00:02:01,290 utils (0.002) ALTER TABLE "auth_user_groups" ADD CONSTRAINT "auth_user_groups_user_id_group_id_94350c0c_uniq" UNIQUE ("user_id", "group_id"); args=None; alias=default
DEBUG 2026-05-08 00:02:01,290 schema ALTER TABLE "auth_user_groups" ADD CONSTRAINT "auth_user_groups_user_id_6a12ed8b_fk_auth_user_id" FOREIGN KEY ("user_id") REFERENCES "auth_user" ("id") DEFERRABLE INITIALLY DEFERRED; (params None)
DEBUG 2026-05-08 00:02:01,292 utils (0.002) ALTER TABLE "auth_user_groups" ADD CONSTRAINT "auth_user_groups_user_id_6a12ed8b_fk_auth_user_id" FOREIGN KEY ("user_id") REFERENCES "auth_user" ("id") DEFERRABLE INITIALLY DEFERRED; args=None; alias=default
DEBUG 2026-05-08 00:02:01,293 schema ALTER TABLE "auth_user_groups" ADD CONSTRAINT "auth_user_groups_group_id_97559544_fk_auth_group_id" FOREIGN KEY ("group_id") REFERENCES "auth_group" ("id") DEFERRABLE INITIALLY DEFERRED; (params None)
DEBUG 2026-05-08 00:02:01,294 utils (0.001) ALTER TABLE "auth_user_groups" ADD CONSTRAINT "auth_user_groups_group_id_97559544_fk_auth_group_id" FOREIGN KEY ("group_id") REFERENCES "auth_group" ("id") DEFERRABLE INITIALLY DEFERRED; args=None; alias=default
DEBUG 2026-05-08 00:02:01,294 schema CREATE INDEX "auth_user_groups_user_id_6a12ed8b" ON "auth_user_groups" ("user_id"); (params None)
DEBUG 2026-05-08 00:02:01,295 utils (0.001) CREATE INDEX "auth_user_groups_user_id_6a12ed8b" ON "auth_user_groups" ("user_id"); args=None; alias=default
DEBUG 2026-05-08 00:02:01,296 schema CREATE INDEX "auth_user_groups_group_id_97559544" ON "auth_user_groups" ("group_id"); (params None)
DEBUG 2026-05-08 00:02:01,297 utils (0.001) CREATE INDEX "auth_user_groups_group_id_97559544" ON "auth_user_groups" ("group_id"); args=None; alias=default
DEBUG 2026-05-08 00:02:01,297 schema ALTER TABLE "auth_user_user_permissions" ADD CONSTRAINT "auth_user_user_permissions_user_id_permission_id_14a6b632_uniq" UNIQUE ("user_id", "permission_id"); (params None)
DEBUG 2026-05-08 00:02:01,299 utils (0.001) ALTER TABLE "auth_user_user_permissions" ADD CONSTRAINT "auth_user_user_permissions_user_id_permission_id_14a6b632_uniq" UNIQUE ("user_id", "permission_id"); args=None; alias=default
DEBUG 2026-05-08 00:02:01,299 schema ALTER TABLE "auth_user_user_permissions" ADD CONSTRAINT "auth_user_user_permissions_user_id_a95ead1b_fk_auth_user_id" FOREIGN KEY ("user_id") REFERENCES "auth_user" ("id") DEFERRABLE INITIALLY DEFERRED; (params None)
DEBUG 2026-05-08 00:02:01,301 utils (0.002) ALTER TABLE "auth_user_user_permissions" ADD CONSTRAINT "auth_user_user_permissions_user_id_a95ead1b_fk_auth_user_id" FOREIGN KEY ("user_id") REFERENCES "auth_user" ("id") DEFERRABLE INITIALLY DEFERRED; args=None; alias=default
DEBUG 2026-05-08 00:02:01,302 schema ALTER TABLE "auth_user_user_permissions" ADD CONSTRAINT "auth_user_user_permi_permission_id_1fbb5f2c_fk_auth_perm" FOREIGN KEY ("permission_id") REFERENCES "auth_permission" ("id") DEFERRABLE INITIALLY DEFERRED; (params None)
DEBUG 2026-05-08 00:02:01,304 utils (0.001) ALTER TABLE "auth_user_user_permissions" ADD CONSTRAINT "auth_user_user_permi_permission_id_1fbb5f2c_fk_auth_perm" FOREIGN KEY ("permission_id") REFERENCES "auth_permission" ("id") DEFERRABLE INITIALLY DEFERRED; args=None; alias=default
DEBUG 2026-05-08 00:02:01,304 schema CREATE INDEX "auth_user_user_permissions_user_id_a95ead1b" ON "auth_user_user_permissions" ("user_id"); (params None)
DEBUG 2026-05-08 00:02:01,307 utils (0.002) CREATE INDEX "auth_user_user_permissions_user_id_a95ead1b" ON "auth_user_user_permissions" ("user_id"); args=None; alias=default
DEBUG 2026-05-08 00:02:01,307 schema CREATE INDEX "auth_user_user_permissions_permission_id_1fbb5f2c" ON "auth_user_user_permissions" ("permission_id"); (params None)
DEBUG 2026-05-08 00:02:01,309 utils (0.001) CREATE INDEX "auth_user_user_permissions_permission_id_1fbb5f2c" ON "auth_user_user_permissions" ("permission_id"); args=None; alias=default
DEBUG 2026-05-08 00:02:01,310 utils (0.001) COMMIT; args=None; alias=default
DEBUG 2026-05-08 00:02:01,312 utils (0.002) INSERT INTO "django_migrations" ("app", "name", "applied") VALUES ('auth', '0001_initial', '2026-05-08T05:02:01.310322+00:00'::timestamptz) RETURNING "django_migrations"."id"; args=('auth', '0001_initial', datetime.datetime(2026, 5, 8, 5, 2, 1, 310322, tzinfo=datetime.timezone.utc)); alias=default
DEBUG 2026-05-08 00:02:01,313 utils (0.000) BEGIN; args=None; alias=default
DEBUG 2026-05-08 00:02:01,321 schema CREATE TABLE "django_admin_log" ("id" integer NOT NULL PRIMARY KEY GENERATED BY DEFAULT AS IDENTITY, "action_time" timestamp with time zone NOT NULL, "object_id" text NULL, "object_repr" varchar(200) NOT NULL, "action_flag" smallint NOT NULL CHECK ("action_flag" >= 0), "change_message" text NOT NULL, "content_type_id" integer NULL, "user_id" integer NOT NULL); (params None)
DEBUG 2026-05-08 00:02:01,329 utils (0.008) CREATE TABLE "django_admin_log" ("id" integer NOT NULL PRIMARY KEY GENERATED BY DEFAULT AS IDENTITY, "action_time" timestamp with time zone NOT NULL, "object_id" text NULL, "object_repr" varchar(200) NOT NULL, "action_flag" smallint NOT NULL CHECK ("action_flag" >= 0), "change_message" text NOT NULL, "content_type_id" integer NULL, "user_id" integer NOT NULL); args=None; alias=default
DEBUG 2026-05-08 00:02:01,330 schema ALTER TABLE "django_admin_log" ADD CONSTRAINT "django_admin_log_content_type_id_c4bce8eb_fk_django_co" FOREIGN KEY ("content_type_id") REFERENCES "django_content_type" ("id") DEFERRABLE INITIALLY DEFERRED; (params None)
DEBUG 2026-05-08 00:02:01,332 utils (0.001) ALTER TABLE "django_admin_log" ADD CONSTRAINT "django_admin_log_content_type_id_c4bce8eb_fk_django_co" FOREIGN KEY ("content_type_id") REFERENCES "django_content_type" ("id") DEFERRABLE INITIALLY DEFERRED; args=None; alias=default
DEBUG 2026-05-08 00:02:01,332 schema ALTER TABLE "django_admin_log" ADD CONSTRAINT "django_admin_log_user_id_c564eba6_fk_auth_user_id" FOREIGN KEY ("user_id") REFERENCES "auth_user" ("id") DEFERRABLE INITIALLY DEFERRED; (params None)
DEBUG 2026-05-08 00:02:01,336 utils (0.003) ALTER TABLE "django_admin_log" ADD CONSTRAINT "django_admin_log_user_id_c564eba6_fk_auth_user_id" FOREIGN KEY ("user_id") REFERENCES "auth_user" ("id") DEFERRABLE INITIALLY DEFERRED; args=None; alias=default
DEBUG 2026-05-08 00:02:01,337 schema CREATE INDEX "django_admin_log_content_type_id_c4bce8eb" ON "django_admin_log" ("content_type_id"); (params None)
DEBUG 2026-05-08 00:02:01,339 utils (0.002) CREATE INDEX "django_admin_log_content_type_id_c4bce8eb" ON "django_admin_log" ("content_type_id"); args=None; alias=default
DEBUG 2026-05-08 00:02:01,339 schema CREATE INDEX "django_admin_log_user_id_c564eba6" ON "django_admin_log" ("user_id"); (params None)
DEBUG 2026-05-08 00:02:01,341 utils (0.001) CREATE INDEX "django_admin_log_user_id_c564eba6" ON "django_admin_log" ("user_id"); args=None; alias=default
DEBUG 2026-05-08 00:02:01,342 utils (0.001) COMMIT; args=None; alias=default
DEBUG 2026-05-08 00:02:01,343 utils (0.001) INSERT INTO "django_migrations" ("app", "name", "applied") VALUES ('admin', '0001_initial', '2026-05-08T05:02:01.342607+00:00'::timestamptz) RETURNING "django_migrations"."id"; args=('admin', '0001_initial', datetime.datetime(2026, 5, 8, 5, 2, 1, 342607, tzinfo=datetime.timezone.utc)); alias=default
DEBUG 2026-05-08 00:02:01,344 utils (0.000) BEGIN; args=None; alias=default
DEBUG 2026-05-08 00:02:01,352 utils (0.001) INSERT INTO "django_migrations" ("app", "name", "applied") VALUES ('admin', '0002_logentry_remove_auto_add', '2026-05-08T05:02:01.351495+00:00'::timestamptz) RETURNING "django_migrations"."id"; args=('admin', '0002_logentry_remove_auto_add', datetime.datetime(2026, 5, 8, 5, 2, 1, 351495, tzinfo=datetime.timezone.utc)); alias=default
DEBUG 2026-05-08 00:02:01,353 utils (0.001) COMMIT; args=None; alias=default
DEBUG 2026-05-08 00:02:01,354 utils (0.000) BEGIN; args=None; alias=default
DEBUG 2026-05-08 00:02:01,360 utils (0.001) INSERT INTO "django_migrations" ("app", "name", "applied") VALUES ('admin', '0003_logentry_add_action_flag_choices', '2026-05-08T05:02:01.360205+00:00'::timestamptz) RETURNING "django_migrations"."id"; args=('admin', '0003_logentry_add_action_flag_choices', datetime.datetime(2026, 5, 8, 5, 2, 1, 360205, tzinfo=datetime.timezone.utc)); alias=default
DEBUG 2026-05-08 00:02:01,361 utils (0.000) COMMIT; args=None; alias=default
DEBUG 2026-05-08 00:02:01,362 utils (0.000) BEGIN; args=None; alias=default
DEBUG 2026-05-08 00:02:01,368 schema ALTER TABLE "django_content_type" ALTER COLUMN "name" DROP NOT NULL; (params None)
DEBUG 2026-05-08 00:02:01,371 utils (0.003) ALTER TABLE "django_content_type" ALTER COLUMN "name" DROP NOT NULL; args=None; alias=default
DEBUG 2026-05-08 00:02:01,379 schema ALTER TABLE "django_content_type" DROP COLUMN "name"; (params None)
DEBUG 2026-05-08 00:02:01,380 utils (0.001) ALTER TABLE "django_content_type" DROP COLUMN "name"; args=None; alias=default
DEBUG 2026-05-08 00:02:01,381 utils (0.000) INSERT INTO "django_migrations" ("app", "name", "applied") VALUES ('contenttypes', '0002_remove_content_type_name', '2026-05-08T05:02:01.381189+00:00'::timestamptz) RETURNING "django_migrations"."id"; args=('contenttypes', '0002_remove_content_type_name', datetime.datetime(2026, 5, 8, 5, 2, 1, 381189, tzinfo=datetime.timezone.utc)); alias=default
DEBUG 2026-05-08 00:02:01,382 utils (0.000) COMMIT; args=None; alias=default
DEBUG 2026-05-08 00:02:01,383 utils (0.000) BEGIN; args=None; alias=default
DEBUG 2026-05-08 00:02:01,388 schema ALTER TABLE "auth_permission" ALTER COLUMN "name" TYPE varchar(255); (params None)
DEBUG 2026-05-08 00:02:01,389 utils (0.001) ALTER TABLE "auth_permission" ALTER COLUMN "name" TYPE varchar(255); args=None; alias=default
DEBUG 2026-05-08 00:02:01,390 utils (0.000) INSERT INTO "django_migrations" ("app", "name", "applied") VALUES ('auth', '0002_alter_permission_name_max_length', '2026-05-08T05:02:01.390281+00:00'::timestamptz) RETURNING "django_migrations"."id"; args=('auth', '0002_alter_permission_name_max_length', datetime.datetime(2026, 5, 8, 5, 2, 1, 390281, tzinfo=datetime.timezone.utc)); alias=default
DEBUG 2026-05-08 00:02:01,391 utils (0.000) COMMIT; args=None; alias=default
DEBUG 2026-05-08 00:02:01,391 utils (0.000) BEGIN; args=None; alias=default
DEBUG 2026-05-08 00:02:01,396 schema ALTER TABLE "auth_user" ALTER COLUMN "email" TYPE varchar(254); (params None)
DEBUG 2026-05-08 00:02:01,397 utils (0.001) ALTER TABLE "auth_user" ALTER COLUMN "email" TYPE varchar(254); args=None; alias=default
DEBUG 2026-05-08 00:02:01,398 utils (0.000) INSERT INTO "django_migrations" ("app", "name", "applied") VALUES ('auth', '0003_alter_user_email_max_length', '2026-05-08T05:02:01.397775+00:00'::timestamptz) RETURNING "django_migrations"."id"; args=('auth', '0003_alter_user_email_max_length', datetime.datetime(2026, 5, 8, 5, 2, 1, 397775, tzinfo=datetime.timezone.utc)); alias=default
DEBUG 2026-05-08 00:02:01,399 utils (0.000) COMMIT; args=None; alias=default
DEBUG 2026-05-08 00:02:01,400 utils (0.000) BEGIN; args=None; alias=default
DEBUG 2026-05-08 00:02:01,411 utils (0.001) INSERT INTO "django_migrations" ("app", "name", "applied") VALUES ('auth', '0004_alter_user_username_opts', '2026-05-08T05:02:01.410888+00:00'::timestamptz) RETURNING "django_migrations"."id"; args=('auth', '0004_alter_user_username_opts', datetime.datetime(2026, 5, 8, 5, 2, 1, 410888, tzinfo=datetime.timezone.utc)); alias=default
DEBUG 2026-05-08 00:02:01,416 utils (0.001) COMMIT; args=None; alias=default
DEBUG 2026-05-08 00:02:01,418 utils (0.000) BEGIN; args=None; alias=default
DEBUG 2026-05-08 00:02:01,429 schema ALTER TABLE "auth_user" ALTER COLUMN "last_login" DROP NOT NULL; (params None)
DEBUG 2026-05-08 00:02:01,439 utils (0.001) ALTER TABLE "auth_user" ALTER COLUMN "last_login" DROP NOT NULL; args=None; alias=default
DEBUG 2026-05-08 00:02:01,441 utils (0.000) INSERT INTO "django_migrations" ("app", "name", "applied") VALUES ('auth', '0005_alter_user_last_login_null', '2026-05-08T05:02:01.440736+00:00'::timestamptz) RETURNING "django_migrations"."id"; args=('auth', '0005_alter_user_last_login_null', datetime.datetime(2026, 5, 8, 5, 2, 1, 440736, tzinfo=datetime.timezone.utc)); alias=default
DEBUG 2026-05-08 00:02:01,445 utils (0.001) COMMIT; args=None; alias=default
DEBUG 2026-05-08 00:02:01,466 utils (0.000) BEGIN; args=None; alias=default
DEBUG 2026-05-08 00:02:01,467 utils (0.001) INSERT INTO "django_migrations" ("app", "name", "applied") VALUES ('auth', '0006_require_contenttypes_0002', '2026-05-08T05:02:01.466660+00:00'::timestamptz) RETURNING "django_migrations"."id"; args=('auth', '0006_require_contenttypes_0002', datetime.datetime(2026, 5, 8, 5, 2, 1, 466660, tzinfo=datetime.timezone.utc)); alias=default
DEBUG 2026-05-08 00:02:01,470 utils (0.002) COMMIT; args=None; alias=default
DEBUG 2026-05-08 00:02:01,471 utils (0.000) BEGIN; args=None; alias=default
DEBUG 2026-05-08 00:02:01,479 utils (0.001) INSERT INTO "django_migrations" ("app", "name", "applied") VALUES ('auth', '0007_alter_validators_add_error_messages', '2026-05-08T05:02:01.478580+00:00'::timestamptz) RETURNING "django_migrations"."id"; args=('auth', '0007_alter_validators_add_error_messages', datetime.datetime(2026, 5, 8, 5, 2, 1, 478580, tzinfo=datetime.timezone.utc)); alias=default
DEBUG 2026-05-08 00:02:01,480 utils (0.000) COMMIT; args=None; alias=default
DEBUG 2026-05-08 00:02:01,485 utils (0.000) BEGIN; args=None; alias=default
DEBUG 2026-05-08 00:02:01,503 schema ALTER TABLE "auth_user" ALTER COLUMN "username" TYPE varchar(150); (params None)
DEBUG 2026-05-08 00:02:01,511 utils (0.007) ALTER TABLE "auth_user" ALTER COLUMN "username" TYPE varchar(150); args=None; alias=default
DEBUG 2026-05-08 00:02:01,512 utils (0.000) INSERT INTO "django_migrations" ("app", "name", "applied") VALUES ('auth', '0008_alter_user_username_max_length', '2026-05-08T05:02:01.511685+00:00'::timestamptz) RETURNING "django_migrations"."id"; args=('auth', '0008_alter_user_username_max_length', datetime.datetime(2026, 5, 8, 5, 2, 1, 511685, tzinfo=datetime.timezone.utc)); alias=default
DEBUG 2026-05-08 00:02:01,512 utils (0.000) COMMIT; args=None; alias=default
DEBUG 2026-05-08 00:02:01,513 utils (0.000) BEGIN; args=None; alias=default
DEBUG 2026-05-08 00:02:01,517 schema ALTER TABLE "auth_user" ALTER COLUMN "last_name" TYPE varchar(150); (params None)
DEBUG 2026-05-08 00:02:01,519 utils (0.002) ALTER TABLE "auth_user" ALTER COLUMN "last_name" TYPE varchar(150); args=None; alias=default
DEBUG 2026-05-08 00:02:01,520 utils (0.000) INSERT INTO "django_migrations" ("app", "name", "applied") VALUES ('auth', '0009_alter_user_last_name_max_length', '2026-05-08T05:02:01.520039+00:00'::timestamptz) RETURNING "django_migrations"."id"; args=('auth', '0009_alter_user_last_name_max_length', datetime.datetime(2026, 5, 8, 5, 2, 1, 520039, tzinfo=datetime.timezone.utc)); alias=default
DEBUG 2026-05-08 00:02:01,521 utils (0.000) COMMIT; args=None; alias=default
DEBUG 2026-05-08 00:02:01,521 utils (0.000) BEGIN; args=None; alias=default
DEBUG 2026-05-08 00:02:01,525 schema ALTER TABLE "auth_group" ALTER COLUMN "name" TYPE varchar(150); (params None)
DEBUG 2026-05-08 00:02:01,527 utils (0.001) ALTER TABLE "auth_group" ALTER COLUMN "name" TYPE varchar(150); args=None; alias=default
DEBUG 2026-05-08 00:02:01,528 utils (0.000) INSERT INTO "django_migrations" ("app", "name", "applied") VALUES ('auth', '0010_alter_group_name_max_length', '2026-05-08T05:02:01.527586+00:00'::timestamptz) RETURNING "django_migrations"."id"; args=('auth', '0010_alter_group_name_max_length', datetime.datetime(2026, 5, 8, 5, 2, 1, 527586, tzinfo=datetime.timezone.utc)); alias=default
DEBUG 2026-05-08 00:02:01,528 utils (0.000) COMMIT; args=None; alias=default
DEBUG 2026-05-08 00:02:01,529 utils (0.000) BEGIN; args=None; alias=default
DEBUG 2026-05-08 00:02:01,534 utils (0.000) INSERT INTO "django_migrations" ("app", "name", "applied") VALUES ('auth', '0011_update_proxy_permissions', '2026-05-08T05:02:01.533410+00:00'::timestamptz) RETURNING "django_migrations"."id"; args=('auth', '0011_update_proxy_permissions', datetime.datetime(2026, 5, 8, 5, 2, 1, 533410, tzinfo=datetime.timezone.utc)); alias=default
DEBUG 2026-05-08 00:02:01,534 utils (0.000) COMMIT; args=None; alias=default
DEBUG 2026-05-08 00:02:01,535 utils (0.000) BEGIN; args=None; alias=default
DEBUG 2026-05-08 00:02:01,540 schema ALTER TABLE "auth_user" ALTER COLUMN "first_name" TYPE varchar(150); (params None)
DEBUG 2026-05-08 00:02:01,541 utils (0.001) ALTER TABLE "auth_user" ALTER COLUMN "first_name" TYPE varchar(150); args=None; alias=default
DEBUG 2026-05-08 00:02:01,541 utils (0.000) INSERT INTO "django_migrations" ("app", "name", "applied") VALUES ('auth', '0012_alter_user_first_name_max_length', '2026-05-08T05:02:01.541452+00:00'::timestamptz) RETURNING "django_migrations"."id"; args=('auth', '0012_alter_user_first_name_max_length', datetime.datetime(2026, 5, 8, 5, 2, 1, 541452, tzinfo=datetime.timezone.utc)); alias=default
DEBUG 2026-05-08 00:02:01,542 utils (0.000) COMMIT; args=None; alias=default
DEBUG 2026-05-08 00:02:01,542 utils (0.000) BEGIN; args=None; alias=default
DEBUG 2026-05-08 00:02:01,543 schema CREATE TABLE "django_session" ("session_key" varchar(40) NOT NULL PRIMARY KEY, "session_data" text NOT NULL, "expire_date" timestamp with time zone NOT NULL); (params None)
DEBUG 2026-05-08 00:02:01,546 utils (0.003) CREATE TABLE "django_session" ("session_key" varchar(40) NOT NULL PRIMARY KEY, "session_data" text NOT NULL, "expire_date" timestamp with time zone NOT NULL); args=None; alias=default
DEBUG 2026-05-08 00:02:01,547 schema CREATE INDEX "django_session_session_key_c0390e0f_like" ON "django_session" ("session_key" varchar_pattern_ops); (params None)
DEBUG 2026-05-08 00:02:01,548 utils (0.001) CREATE INDEX "django_session_session_key_c0390e0f_like" ON "django_session" ("session_key" varchar_pattern_ops); args=None; alias=default
DEBUG 2026-05-08 00:02:01,549 schema CREATE INDEX "django_session_expire_date_a5c62663" ON "django_session" ("expire_date"); (params None)
DEBUG 2026-05-08 00:02:01,550 utils (0.002) CREATE INDEX "django_session_expire_date_a5c62663" ON "django_session" ("expire_date"); args=None; alias=default
DEBUG 2026-05-08 00:02:01,551 utils (0.000) COMMIT; args=None; alias=default
DEBUG 2026-05-08 00:02:01,552 utils (0.001) INSERT INTO "django_migrations" ("app", "name", "applied") VALUES ('sessions', '0001_initial', '2026-05-08T05:02:01.551769+00:00'::timestamptz) RETURNING "django_migrations"."id"; args=('sessions', '0001_initial', datetime.datetime(2026, 5, 8, 5, 2, 1, 551769, tzinfo=datetime.timezone.utc)); alias=default
DEBUG 2026-05-08 00:02:01,554 utils (0.001) SELECT "django_migrations"."id", "django_migrations"."app", "django_migrations"."name", "django_migrations"."applied" FROM "django_migrations"; args=(); alias=default
DEBUG 2026-05-08 00:02:01,561 utils (0.001) SELECT "django_content_type"."model" AS "model" FROM "django_content_type" WHERE "django_content_type"."app_label" = 'admin'; args=('admin',); alias=default
DEBUG 2026-05-08 00:02:01,562 utils (0.001) INSERT INTO "django_content_type" ("app_label", "model") VALUES ('admin', 'logentry') RETURNING "django_content_type"."id"; args=('admin', 'logentry'); alias=default
DEBUG 2026-05-08 00:02:01,563 utils (0.000) SELECT "django_content_type"."id", "django_content_type"."app_label", "django_content_type"."model" FROM "django_content_type" WHERE ("django_content_type"."app_label" = 'admin' AND "django_content_type"."model" IN ('logentry')); args=('admin', 'logentry'); alias=default
DEBUG 2026-05-08 00:02:01,566 utils (0.001) SELECT "auth_permission"."content_type_id" AS "content_type", "auth_permission"."codename" AS "codename" FROM "auth_permission" INNER JOIN "django_content_type" ON ("auth_permission"."content_type_id" = "django_content_type"."id") WHERE "auth_permission"."content_type_id" IN (1) ORDER BY "django_content_type"."app_label" ASC, "django_content_type"."model" ASC, 2 ASC; args=(1,); alias=default
DEBUG 2026-05-08 00:02:01,569 utils (0.003) INSERT INTO "auth_permission" ("name", "content_type_id", "codename") SELECT * FROM UNNEST((ARRAY['Can add log entry','Can change log entry','Can delete log entry','Can view log entry'])::varchar[], (ARRAY[1,1,1,1])::integer[], (ARRAY['add_logentry','change_logentry','delete_logentry','view_logentry'])::varchar[]) RETURNING "auth_permission"."id"; args=(['Can add log entry', 'Can change log entry', 'Can delete log entry', 'Can view log entry'], [1, 1, 1, 1], ['add_logentry', 'change_logentry', 'delete_logentry', 'view_logentry']); alias=default
DEBUG 2026-05-08 00:02:01,571 utils (0.001) SELECT "django_content_type"."model" AS "model" FROM "django_content_type" WHERE "django_content_type"."app_label" = 'admin'; args=('admin',); alias=default
DEBUG 2026-05-08 00:02:01,572 utils (0.000) SELECT "django_content_type"."model" AS "model" FROM "django_content_type" WHERE "django_content_type"."app_label" = 'auth'; args=('auth',); alias=default
DEBUG 2026-05-08 00:02:01,573 utils (0.000) INSERT INTO "django_content_type" ("app_label", "model") SELECT * FROM UNNEST((ARRAY['auth','auth','auth'])::varchar[], (ARRAY['group','permission','user'])::varchar[]) RETURNING "django_content_type"."id"; args=(['auth', 'auth', 'auth'], ['group', 'permission', 'user']); alias=default
DEBUG 2026-05-08 00:02:01,574 utils (0.000) SELECT "django_content_type"."id", "django_content_type"."app_label", "django_content_type"."model" FROM "django_content_type" WHERE ("django_content_type"."app_label" = 'auth' AND "django_content_type"."model" IN ('group', 'user', 'permission')); args=('auth', 'group', 'user', 'permission'); alias=default
DEBUG 2026-05-08 00:02:01,575 utils (0.000) SELECT "auth_permission"."content_type_id" AS "content_type", "auth_permission"."codename" AS "codename" FROM "auth_permission" INNER JOIN "django_content_type" ON ("auth_permission"."content_type_id" = "django_content_type"."id") WHERE "auth_permission"."content_type_id" IN (2, 3, 4) ORDER BY "django_content_type"."app_label" ASC, "django_content_type"."model" ASC, 2 ASC; args=(2, 3, 4); alias=default
DEBUG 2026-05-08 00:02:01,576 utils (0.001) INSERT INTO "auth_permission" ("name", "content_type_id", "codename") SELECT * FROM UNNEST((ARRAY['Can add permission','Can change permission','Can delete permission','Can view permission','Can add group','Can change group','Can delete group','Can view group','Can add user','Can change user','Can delete user','Can view user'])::varchar[], (ARRAY[3,3,3,3,2,2,2,2,4,4,4,4])::integer[], (ARRAY['add_permission','change_permission','delete_permission','view_permission','add_group','change_group','delete_group','view_group','add_user','change_user','delete_user','view_user'])::varchar[]) RETURNING "auth_permission"."id"; args=(['Can add permission', 'Can change permission', 'Can delete permission', 'Can view permission', 'Can add group', 'Can change group', 'Can delete group', 'Can view group', 'Can add user', 'Can change user', 'Can delete user', 'Can view user'], [3, 3, 3, 3, 2, 2, 2, 2, 4, 4, 4, 4], ['add_permission', 'change_permission', 'delete_permission', 'view_permission', 'add_group', 'change_group', 'delete_group', 'view_group', 'add_user', 'change_user', 'delete_user', 'view_user']); alias=default
DEBUG 2026-05-08 00:02:01,577 utils (0.000) SELECT "django_content_type"."model" AS "model" FROM "django_content_type" WHERE "django_content_type"."app_label" = 'auth'; args=('auth',); alias=default
DEBUG 2026-05-08 00:02:01,578 utils (0.000) SELECT "django_content_type"."model" AS "model" FROM "django_content_type" WHERE "django_content_type"."app_label" = 'contenttypes'; args=('contenttypes',); alias=default
DEBUG 2026-05-08 00:02:01,579 utils (0.000) INSERT INTO "django_content_type" ("app_label", "model") VALUES ('contenttypes', 'contenttype') RETURNING "django_content_type"."id"; args=('contenttypes', 'contenttype'); alias=default
DEBUG 2026-05-08 00:02:01,580 utils (0.000) SELECT "django_content_type"."id", "django_content_type"."app_label", "django_content_type"."model" FROM "django_content_type" WHERE ("django_content_type"."app_label" = 'contenttypes' AND "django_content_type"."model" IN ('contenttype')); args=('contenttypes', 'contenttype'); alias=default
DEBUG 2026-05-08 00:02:01,582 utils (0.000) SELECT "auth_permission"."content_type_id" AS "content_type", "auth_permission"."codename" AS "codename" FROM "auth_permission" INNER JOIN "django_content_type" ON ("auth_permission"."content_type_id" = "django_content_type"."id") WHERE "auth_permission"."content_type_id" IN (5) ORDER BY "django_content_type"."app_label" ASC, "django_content_type"."model" ASC, 2 ASC; args=(5,); alias=default
DEBUG 2026-05-08 00:02:01,583 utils (0.001) INSERT INTO "auth_permission" ("name", "content_type_id", "codename") SELECT * FROM UNNEST((ARRAY['Can add content type','Can change content type','Can delete content type','Can view content type'])::varchar[], (ARRAY[5,5,5,5])::integer[], (ARRAY['add_contenttype','change_contenttype','delete_contenttype','view_contenttype'])::varchar[]) RETURNING "auth_permission"."id"; args=(['Can add content type', 'Can change content type', 'Can delete content type', 'Can view content type'], [5, 5, 5, 5], ['add_contenttype', 'change_contenttype', 'delete_contenttype', 'view_contenttype']); alias=default
DEBUG 2026-05-08 00:02:01,584 utils (0.000) SELECT "django_content_type"."model" AS "model" FROM "django_content_type" WHERE "django_content_type"."app_label" = 'contenttypes'; args=('contenttypes',); alias=default
DEBUG 2026-05-08 00:02:01,586 utils (0.001) SELECT "django_content_type"."model" AS "model" FROM "django_content_type" WHERE "django_content_type"."app_label" = 'sessions'; args=('sessions',); alias=default
DEBUG 2026-05-08 00:02:01,588 utils (0.001) INSERT INTO "django_content_type" ("app_label", "model") VALUES ('sessions', 'session') RETURNING "django_content_type"."id"; args=('sessions', 'session'); alias=default
DEBUG 2026-05-08 00:02:01,589 utils (0.000) SELECT "django_content_type"."id", "django_content_type"."app_label", "django_content_type"."model" FROM "django_content_type" WHERE ("django_content_type"."app_label" = 'sessions' AND "django_content_type"."model" IN ('session')); args=('sessions', 'session'); alias=default
DEBUG 2026-05-08 00:02:01,590 utils (0.000) SELECT "auth_permission"."content_type_id" AS "content_type", "auth_permission"."codename" AS "codename" FROM "auth_permission" INNER JOIN "django_content_type" ON ("auth_permission"."content_type_id" = "django_content_type"."id") WHERE "auth_permission"."content_type_id" IN (6) ORDER BY "django_content_type"."app_label" ASC, "django_content_type"."model" ASC, 2 ASC; args=(6,); alias=default
DEBUG 2026-05-08 00:02:01,591 utils (0.001) INSERT INTO "auth_permission" ("name", "content_type_id", "codename") SELECT * FROM UNNEST((ARRAY['Can add session','Can change session','Can delete session','Can view session'])::varchar[], (ARRAY[6,6,6,6])::integer[], (ARRAY['add_session','change_session','delete_session','view_session'])::varchar[]) RETURNING "auth_permission"."id"; args=(['Can add session', 'Can change session', 'Can delete session', 'Can view session'], [6, 6, 6, 6], ['add_session', 'change_session', 'delete_session', 'view_session']); alias=default
DEBUG 2026-05-08 00:02:01,592 utils (0.000) SELECT "django_content_type"."model" AS "model" FROM "django_content_type" WHERE "django_content_type"."app_label" = 'sessions'; args=('sessions',); alias=default
DEBUG 2026-05-08 00:02:16,976 utils (0.006) 
            SELECT
                c.relname,
                CASE
                    WHEN c.relispartition THEN 'p'
                    WHEN c.relkind IN ('m', 'v') THEN 'v'
                    ELSE 't'
                END,
                obj_description(c.oid, 'pg_class')
            FROM pg_catalog.pg_class c
            LEFT JOIN pg_catalog.pg_namespace n ON n.oid = c.relnamespace
            WHERE c.relkind IN ('f', 'm', 'p', 'r', 'v')
                AND n.nspname NOT IN ('pg_catalog', 'pg_toast')
                AND pg_catalog.pg_table_is_visible(c.oid)
        ; args=None; alias=default
DEBUG 2026-05-08 00:02:16,981 utils (0.004) SELECT "django_migrations"."id", "django_migrations"."app", "django_migrations"."name", "django_migrations"."applied" FROM "django_migrations"; args=(); alias=default
DEBUG 2026-05-08 00:02:16,982 utils (0.001) 
            SELECT
                c.relname,
                CASE
                    WHEN c.relispartition THEN 'p'
                    WHEN c.relkind IN ('m', 'v') THEN 'v'
                    ELSE 't'
                END,
                obj_description(c.oid, 'pg_class')
            FROM pg_catalog.pg_class c
            LEFT JOIN pg_catalog.pg_namespace n ON n.oid = c.relnamespace
            WHERE c.relkind IN ('f', 'm', 'p', 'r', 'v')
                AND n.nspname NOT IN ('pg_catalog', 'pg_toast')
                AND pg_catalog.pg_table_is_visible(c.oid)
        ; args=None; alias=default
DEBUG 2026-05-08 00:02:16,983 utils (0.000) SELECT "django_migrations"."id", "django_migrations"."app", "django_migrations"."name", "django_migrations"."applied" FROM "django_migrations"; args=(); alias=default
DEBUG 2026-05-08 00:02:50,824 utils (0.003) 
            SELECT
                c.relname,
                CASE
                    WHEN c.relispartition THEN 'p'
                    WHEN c.relkind IN ('m', 'v') THEN 'v'
                    ELSE 't'
                END,
                obj_description(c.oid, 'pg_class')
            FROM pg_catalog.pg_class c
            LEFT JOIN pg_catalog.pg_namespace n ON n.oid = c.relnamespace
            WHERE c.relkind IN ('f', 'm', 'p', 'r', 'v')
                AND n.nspname NOT IN ('pg_catalog', 'pg_toast')
                AND pg_catalog.pg_table_is_visible(c.oid)
        ; args=None; alias=default
DEBUG 2026-05-08 00:02:50,826 utils (0.001) SELECT "django_migrations"."id", "django_migrations"."app", "django_migrations"."name", "django_migrations"."applied" FROM "django_migrations"; args=(); alias=default
DEBUG 2026-05-08 00:02:50,831 utils (0.002) SELECT "auth_user"."id", "auth_user"."password", "auth_user"."last_login", "auth_user"."is_superuser", "auth_user"."username", "auth_user"."first_name", "auth_user"."last_name", "auth_user"."email", "auth_user"."is_staff", "auth_user"."is_active", "auth_user"."date_joined" FROM "auth_user" WHERE "auth_user"."username" = 'julinho' LIMIT 21; args=('julinho',); alias=default
DEBUG 2026-05-08 00:03:04,450 utils (0.001) SELECT "auth_user"."id", "auth_user"."password", "auth_user"."last_login", "auth_user"."is_superuser", "auth_user"."username", "auth_user"."first_name", "auth_user"."last_name", "auth_user"."email", "auth_user"."is_staff", "auth_user"."is_active", "auth_user"."date_joined" FROM "auth_user" WHERE "auth_user"."username" = 'admin' LIMIT 21; args=('admin',); alias=default
DEBUG 2026-05-08 00:03:19,964 utils (0.002) INSERT INTO "auth_user" ("password", "last_login", "is_superuser", "username", "first_name", "last_name", "email", "is_staff", "is_active", "date_joined") VALUES ('pbkdf2_sha256$1200000$Oi2Zx9XJC7J1p3AomJJVt8$CcsoyvW7f/tVymvEHXAPPdGTNOdzKOU/MLDLpTMueoc=', NULL, true, 'admin', '', '', 'admin@gmail.com', true, true, '2026-05-08T05:03:18.971569+00:00'::timestamptz) RETURNING "auth_user"."id"; args=('pbkdf2_sha256$1200000$Oi2Zx9XJC7J1p3AomJJVt8$CcsoyvW7f/tVymvEHXAPPdGTNOdzKOU/MLDLpTMueoc=', None, True, 'admin', '', '', 'admin@gmail.com', True, True, datetime.datetime(2026, 5, 8, 5, 3, 18, 971569, tzinfo=datetime.timezone.utc)); alias=default
INFO 2026-05-08 00:03:57,504 autoreload Watching for file changes with StatReloader
DEBUG 2026-05-08 00:03:57,505 autoreload Waiting for apps ready_event.
DEBUG 2026-05-08 00:03:57,509 autoreload Apps ready_event triggered. Sending autoreload_started signal.
DEBUG 2026-05-08 00:03:57,528 autoreload Watching dir C:\xampp\htdocs\servidor\django-ticket\venv\Lib\site-packages\drf_spectacular\templates with glob **/*.
DEBUG 2026-05-08 00:03:57,528 autoreload Watching dir C:\xampp\htdocs\servidor\django-ticket\locale with glob **/*.mo.
DEBUG 2026-05-08 00:03:57,528 autoreload Watching dir C:\xampp\htdocs\servidor\django-ticket\venv\Lib\site-packages\drf_spectacular\locale with glob **/*.mo.
DEBUG 2026-05-08 00:03:57,529 autoreload Watching dir C:\xampp\htdocs\servidor\django-ticket\venv\Lib\site-packages\corsheaders\locale with glob **/*.mo.
DEBUG 2026-05-08 00:03:57,643 utils (0.005) 
            SELECT
                c.relname,
                CASE
                    WHEN c.relispartition THEN 'p'
                    WHEN c.relkind IN ('m', 'v') THEN 'v'
                    ELSE 't'
                END,
                obj_description(c.oid, 'pg_class')
            FROM pg_catalog.pg_class c
            LEFT JOIN pg_catalog.pg_namespace n ON n.oid = c.relnamespace
            WHERE c.relkind IN ('f', 'm', 'p', 'r', 'v')
                AND n.nspname NOT IN ('pg_catalog', 'pg_toast')
                AND pg_catalog.pg_table_is_visible(c.oid)
        ; args=None; alias=default
DEBUG 2026-05-08 00:03:57,644 utils (0.001) SELECT "django_migrations"."id", "django_migrations"."app", "django_migrations"."name", "django_migrations"."applied" FROM "django_migrations"; args=(); alias=default
DEBUG 2026-05-08 00:03:57,748 autoreload File C:\xampp\htdocs\servidor\django-ticket\venv\Lib\site-packages\django\middleware\__init__.py first seen with mtime 1778214679.050262
DEBUG 2026-05-08 00:03:57,749 autoreload File C:\Python314\DLLs\_socket.pyd first seen with mtime 1764976656.0
DEBUG 2026-05-08 00:03:57,749 autoreload File C:\xampp\htdocs\servidor\django-ticket\venv\Lib\site-packages\django\utils\asyncio.py first seen with mtime 1778214679.1356103
DEBUG 2026-05-08 00:03:57,749 autoreload File C:\xampp\htdocs\servidor\django-ticket\venv\Lib\site-packages\django\db\migrations\operations\__init__.py first seen with mtime 1778214678.8642335
DEBUG 2026-05-08 00:03:57,750 autoreload File C:\xampp\htdocs\servidor\django-ticket\venv\Lib\site-packages\django\views\decorators\csrf.py first seen with mtime 1778214679.2109852
DEBUG 2026-05-08 00:03:57,750 autoreload File C:\Python314\Lib\email\generator.py first seen with mtime 1764976580.0
DEBUG 2026-05-08 00:03:57,750 autoreload File C:\Python314\Lib\email\errors.py first seen with mtime 1764976580.0
DEBUG 2026-05-08 00:03:57,750 autoreload File C:\Python314\Lib\asyncio\streams.py first seen with mtime 1764976580.0
DEBUG 2026-05-08 00:03:57,750 autoreload File C:\Python314\Lib\email\message.py first seen with mtime 1764976580.0
DEBUG 2026-05-08 00:03:57,751 autoreload File C:\xampp\htdocs\servidor\django-ticket\venv\Lib\site-packages\django\views\decorators\csp.py first seen with mtime 1778214679.2098672
DEBUG 2026-05-08 00:03:57,751 autoreload File C:\xampp\htdocs\servidor\django-ticket\venv\Lib\site-packages\django\core\files\images.py first seen with mtime 1778214678.6814563
DEBUG 2026-05-08 00:03:57,751 autoreload File C:\xampp\htdocs\servidor\django-ticket\venv\Lib\site-packages\django\core\cache\backends\filebased.py first seen with mtime 1778214678.6340742
DEBUG 2026-05-08 00:03:57,751 autoreload File C:\xampp\htdocs\servidor\django-ticket\venv\Lib\site-packages\django\templatetags\i18n.py first seen with mtime 1778214679.1055396
DEBUG 2026-05-08 00:03:57,752 autoreload File C:\xampp\htdocs\servidor\django-ticket\venv\Lib\site-packages\django\core\management\color.py first seen with mtime 1778214678.7226255
DEBUG 2026-05-08 00:03:57,752 autoreload File C:\xampp\htdocs\servidor\django-ticket\venv\Lib\site-packages\django\contrib\__init__.py first seen with mtime 1778214671.5038395
DEBUG 2026-05-08 00:03:57,752 autoreload File C:\xampp\htdocs\servidor\django-ticket\venv\Lib\site-packages\django\db\backends\postgresql\psycopg_any.py first seen with mtime 1778214678.835037
DEBUG 2026-05-08 00:03:57,752 autoreload File C:\Python314\Lib\subprocess.py first seen with mtime 1764976580.0
DEBUG 2026-05-08 00:03:57,752 autoreload File C:\xampp\htdocs\servidor\django-ticket\venv\Lib\site-packages\django\core\checks\commands.py first seen with mtime 1778214678.6456342
DEBUG 2026-05-08 00:03:57,753 autoreload File C:\xampp\htdocs\servidor\django-ticket\venv\Lib\site-packages\django\core\management\commands\__init__.py first seen with mtime 1778214678.7272942
DEBUG 2026-05-08 00:03:57,753 autoreload File C:\Python314\Lib\compression\_common\_streams.py first seen with mtime 1764976580.0
DEBUG 2026-05-08 00:03:57,753 autoreload File C:\xampp\htdocs\servidor\django-ticket\venv\Lib\site-packages\django\core\files\storage\base.py first seen with mtime 1778214678.693009
DEBUG 2026-05-08 00:03:57,753 autoreload File C:\xampp\htdocs\servidor\django-ticket\venv\Lib\site-packages\psycopg2\_json.py first seen with mtime 1778214660.8316236
DEBUG 2026-05-08 00:03:57,753 autoreload File C:\xampp\htdocs\servidor\django-ticket\venv\Lib\site-packages\django\views\decorators\cache.py first seen with mtime 1778214679.2049935
DEBUG 2026-05-08 00:03:57,754 autoreload File C:\Python314\Lib\random.py first seen with mtime 1764976580.0
DEBUG 2026-05-08 00:03:57,754 autoreload File C:\xampp\htdocs\servidor\django-ticket\venv\Lib\site-packages\django\utils\html.py first seen with mtime 1778214679.1678348
DEBUG 2026-05-08 00:03:57,754 autoreload File C:\Python314\Lib\wsgiref\handlers.py first seen with mtime 1764976582.0
DEBUG 2026-05-08 00:03:57,754 autoreload File C:\Python314\Lib\logging\__init__.py first seen with mtime 1764976580.0
DEBUG 2026-05-08 00:03:57,755 autoreload File C:\xampp\htdocs\servidor\django-ticket\venv\Lib\site-packages\asgiref\current_thread_executor.py first seen with mtime 1778214662.5238383
DEBUG 2026-05-08 00:03:57,755 autoreload File C:\Python314\Lib\email\mime\__init__.py first seen with mtime 1764976580.0
DEBUG 2026-05-08 00:03:57,755 autoreload File C:\Python314\Lib\concurrent\futures\__init__.py first seen with mtime 1764976580.0
DEBUG 2026-05-08 00:03:57,755 autoreload File C:\Python314\Lib\sysconfig\__init__.py first seen with mtime 1764976580.0
DEBUG 2026-05-08 00:03:57,755 autoreload File C:\xampp\htdocs\servidor\django-ticket\venv\Lib\site-packages\django\contrib\admin\templatetags\log.py first seen with mtime 1778214672.4832091
DEBUG 2026-05-08 00:03:57,756 autoreload File C:\xampp\htdocs\servidor\django-ticket\venv\Lib\site-packages\django\contrib\contenttypes\forms.py first seen with mtime 1778214673.4455884
DEBUG 2026-05-08 00:03:57,756 autoreload File C:\xampp\htdocs\servidor\django-ticket\venv\Lib\site-packages\django\db\models\fields\related_lookups.py first seen with mtime 1778214678.897423
DEBUG 2026-05-08 00:03:57,756 autoreload File C:\xampp\htdocs\servidor\django-ticket\venv\Lib\site-packages\django\utils\dateparse.py first seen with mtime 1778214679.1510403
DEBUG 2026-05-08 00:03:57,757 autoreload File C:\xampp\htdocs\servidor\django-ticket\venv\Lib\site-packages\django\contrib\staticfiles\management\__init__.py first seen with mtime 1778214678.6058671
DEBUG 2026-05-08 00:03:57,757 autoreload File C:\xampp\htdocs\servidor\django-ticket\venv\Lib\site-packages\django\core\checks\security\base.py first seen with mtime 1778214678.6696582
DEBUG 2026-05-08 00:03:57,757 autoreload File C:\xampp\htdocs\servidor\django-ticket\venv\Lib\site-packages\django\middleware\security.py first seen with mtime 1778214679.0598915
DEBUG 2026-05-08 00:03:57,757 autoreload File C:\xampp\htdocs\servidor\django-ticket\venv\Lib\site-packages\django\templatetags\l10n.py first seen with mtime 1778214679.1073923
DEBUG 2026-05-08 00:03:57,757 autoreload File C:\Python314\Lib\socketserver.py first seen with mtime 1764976580.0
DEBUG 2026-05-08 00:03:57,758 autoreload File C:\xampp\htdocs\servidor\django-ticket\venv\Lib\site-packages\django\views\generic\edit.py first seen with mtime 1778214679.2204955
DEBUG 2026-05-08 00:03:57,758 autoreload File C:\xampp\htdocs\servidor\django-ticket\venv\Lib\site-packages\django\views\generic\dates.py first seen with mtime 1778214679.218498
DEBUG 2026-05-08 00:03:57,758 autoreload File C:\Python314\Lib\token.py first seen with mtime 1764976580.0
DEBUG 2026-05-08 00:03:57,758 autoreload File C:\Python314\Lib\getpass.py first seen with mtime 1764976580.0
DEBUG 2026-05-08 00:03:57,758 autoreload File C:\xampp\htdocs\servidor\django-ticket\venv\Lib\site-packages\sqlparse\keywords.py first seen with mtime 1778214657.5196753
DEBUG 2026-05-08 00:03:57,759 autoreload File C:\Python314\Lib\zoneinfo\_tzpath.py first seen with mtime 1764976582.0
DEBUG 2026-05-08 00:03:57,759 autoreload File C:\Python314\Lib\email\iterators.py first seen with mtime 1764976580.0
DEBUG 2026-05-08 00:03:57,759 autoreload File C:\Python314\Lib\email\_policybase.py first seen with mtime 1764976580.0
DEBUG 2026-05-08 00:03:57,759 autoreload File C:\xampp\htdocs\servidor\django-ticket\venv\Lib\site-packages\django\contrib\admin\views\__init__.py first seen with mtime 1778214672.4842217
DEBUG 2026-05-08 00:03:57,760 autoreload File C:\Python314\Lib\asyncio\base_futures.py first seen with mtime 1764976580.0
DEBUG 2026-05-08 00:03:57,760 autoreload File C:\Python314\Lib\glob.py first seen with mtime 1764976580.0
DEBUG 2026-05-08 00:03:57,760 autoreload File C:\Python314\Lib\encodings\utf_8.py first seen with mtime 1764976580.0
DEBUG 2026-05-08 00:03:57,760 autoreload File C:\Python314\Lib\asyncio\futures.py first seen with mtime 1764976580.0
DEBUG 2026-05-08 00:03:57,760 autoreload File C:\xampp\htdocs\servidor\django-ticket\venv\Lib\site-packages\django\core\handlers\asgi.py first seen with mtime 1778214678.698593
DEBUG 2026-05-08 00:03:57,761 autoreload File C:\Python314\Lib\bisect.py first seen with mtime 1764976580.0
DEBUG 2026-05-08 00:03:57,761 autoreload File C:\xampp\htdocs\servidor\django-ticket\venv\Lib\site-packages\django\views\static.py first seen with mtime 1778214679.202482
DEBUG 2026-05-08 00:03:57,761 autoreload File C:\xampp\htdocs\servidor\django-ticket\venv\Lib\site-packages\django\contrib\staticfiles\finders.py first seen with mtime 1778214678.5982094
DEBUG 2026-05-08 00:03:57,762 autoreload File C:\xampp\htdocs\servidor\django-ticket\venv\Lib\site-packages\django\views\generic\base.py first seen with mtime 1778214679.21748
DEBUG 2026-05-08 00:03:57,762 autoreload File C:\Python314\Lib\asyncio\staggered.py first seen with mtime 1764976580.0
DEBUG 2026-05-08 00:03:57,762 autoreload File C:\xampp\htdocs\servidor\django-ticket\venv\Lib\site-packages\django\db\migrations\operations\fields.py first seen with mtime 1778214678.8672252
DEBUG 2026-05-08 00:03:57,762 autoreload File C:\xampp\htdocs\servidor\django-ticket\venv\Lib\site-packages\django\utils\encoding.py first seen with mtime 1778214679.1603363
DEBUG 2026-05-08 00:03:57,762 autoreload File C:\xampp\htdocs\servidor\django-ticket\venv\Lib\site-packages\django\contrib\contenttypes\__init__.py first seen with mtime 1778214673.4409244
DEBUG 2026-05-08 00:03:57,763 autoreload File C:\xampp\htdocs\servidor\django-ticket\venv\Lib\site-packages\django\contrib\auth\base_user.py first seen with mtime 1778214672.9344468
DEBUG 2026-05-08 00:03:57,763 autoreload File C:\Python314\Lib\email\charset.py first seen with mtime 1764976580.0
DEBUG 2026-05-08 00:03:57,763 autoreload File C:\xampp\htdocs\servidor\django-ticket\venv\Lib\site-packages\django\db\backends\postgresql\client.py first seen with mtime 1778214678.830882
DEBUG 2026-05-08 00:03:57,763 autoreload File C:\xampp\htdocs\servidor\django-ticket\venv\Lib\site-packages\sqlparse\filters\__init__.py first seen with mtime 1778214657.525796
DEBUG 2026-05-08 00:03:57,763 autoreload File C:\Python314\Lib\uuid.py first seen with mtime 1764976582.0
DEBUG 2026-05-08 00:03:57,764 autoreload File C:\Python314\Lib\operator.py first seen with mtime 1764976580.0
DEBUG 2026-05-08 00:03:57,764 autoreload File C:\xampp\htdocs\servidor\django-ticket\venv\Lib\site-packages\django\db\models\constraints.py first seen with mtime 1778214678.8770878
DEBUG 2026-05-08 00:03:57,765 autoreload File C:\xampp\htdocs\servidor\django-ticket\venv\Lib\site-packages\django\forms\models.py first seen with mtime 1778214678.9258187
DEBUG 2026-05-08 00:03:57,765 autoreload File C:\xampp\htdocs\servidor\django-ticket\venv\Lib\site-packages\django\http\request.py first seen with mtime 1778214679.049254
DEBUG 2026-05-08 00:03:57,765 autoreload File C:\xampp\htdocs\servidor\django-ticket\venv\Lib\site-packages\django\db\models\fields\proxy.py first seen with mtime 1778214678.8950713
DEBUG 2026-05-08 00:03:57,765 autoreload File C:\Python314\Lib\_colorize.py first seen with mtime 1764976580.0
DEBUG 2026-05-08 00:03:57,765 autoreload File C:\xampp\htdocs\servidor\django-ticket\venv\Lib\site-packages\django\template\backends\django.py first seen with mtime 1778214679.094135
DEBUG 2026-05-08 00:03:57,766 autoreload File C:\Python314\Lib\asyncio\base_events.py first seen with mtime 1764976580.0
DEBUG 2026-05-08 00:03:57,766 autoreload File C:\xampp\htdocs\servidor\django-ticket\venv\Lib\site-packages\django\db\migrations\state.py first seen with mtime 1778214678.8602276
DEBUG 2026-05-08 00:03:57,766 autoreload File C:\xampp\htdocs\servidor\django-ticket\venv\Lib\site-packages\django\conf\__init__.py first seen with mtime 1778214670.9875972
DEBUG 2026-05-08 00:03:57,766 autoreload File C:\xampp\htdocs\servidor\django-ticket\venv\Lib\site-packages\django\core\servers\__init__.py first seen with mtime 1778214678.7679272
DEBUG 2026-05-08 00:03:57,766 autoreload File C:\xampp\htdocs\servidor\django-ticket\venv\Lib\site-packages\django\db\backends\postgresql\__init__.py first seen with mtime 1778214678.8278334
DEBUG 2026-05-08 00:03:57,767 autoreload File C:\xampp\htdocs\servidor\django-ticket\venv\Lib\site-packages\django\contrib\messages\storage\__init__.py first seen with mtime 1778214676.9119878
DEBUG 2026-05-08 00:03:57,767 autoreload File C:\xampp\htdocs\servidor\django-ticket\venv\Lib\site-packages\django\core\files\storage\filesystem.py first seen with mtime 1778214678.6940134
DEBUG 2026-05-08 00:03:57,767 autoreload File C:\xampp\htdocs\servidor\django-ticket\venv\Lib\site-packages\django\views\debug.py first seen with mtime 1778214679.2004702
DEBUG 2026-05-08 00:03:57,767 autoreload File C:\Python314\Lib\wsgiref\headers.py first seen with mtime 1764976582.0
DEBUG 2026-05-08 00:03:57,767 autoreload File C:\xampp\htdocs\servidor\django-ticket\venv\Lib\site-packages\django\forms\fields.py first seen with mtime 1778214678.9236548
DEBUG 2026-05-08 00:03:57,767 autoreload File C:\Python314\Lib\ipaddress.py first seen with mtime 1764976580.0
DEBUG 2026-05-08 00:03:57,768 autoreload File C:\xampp\htdocs\servidor\django-ticket\venv\Lib\site-packages\colorama\ansitowin32.py first seen with mtime 1778214662.2141912
DEBUG 2026-05-08 00:03:57,768 autoreload File C:\Python314\Lib\queue.py first seen with mtime 1764976580.0
DEBUG 2026-05-08 00:03:57,768 autoreload File C:\xampp\htdocs\servidor\django-ticket\venv\Lib\site-packages\django\core\checks\messages.py first seen with mtime 1778214678.6491573
DEBUG 2026-05-08 00:03:57,768 autoreload File C:\xampp\htdocs\servidor\django-ticket\venv\Lib\site-packages\sqlparse\engine\statement_splitter.py first seen with mtime 1778214657.5246153
DEBUG 2026-05-08 00:03:57,768 autoreload File C:\Python314\Lib\email\encoders.py first seen with mtime 1764976580.0
DEBUG 2026-05-08 00:03:57,769 autoreload File C:\xampp\htdocs\servidor\django-ticket\venv\Lib\site-packages\django\conf\global_settings.py first seen with mtime 1778214670.9886408
DEBUG 2026-05-08 00:03:57,769 autoreload File C:\xampp\htdocs\servidor\django-ticket\venv\Lib\site-packages\django\core\serializers\python.py first seen with mtime 1778214678.7654078
DEBUG 2026-05-08 00:03:57,769 autoreload File C:\Python314\Lib\compression\zstd\_zstdfile.py first seen with mtime 1764976580.0
DEBUG 2026-05-08 00:03:57,769 autoreload File C:\Python314\Lib\linecache.py first seen with mtime 1764976580.0
DEBUG 2026-05-08 00:03:57,770 autoreload File C:\Python314\Lib\asyncio\windows_events.py first seen with mtime 1764976580.0
DEBUG 2026-05-08 00:03:57,770 autoreload File C:\Python314\Lib\asyncio\transports.py first seen with mtime 1764976580.0
DEBUG 2026-05-08 00:03:57,770 autoreload File C:\xampp\htdocs\servidor\django-ticket\venv\Lib\site-packages\django\db\migrations\exceptions.py first seen with mtime 1778214678.8507864
DEBUG 2026-05-08 00:03:57,770 autoreload File C:\xampp\htdocs\servidor\django-ticket\venv\Lib\site-packages\sqlparse\engine\filter_stack.py first seen with mtime 1778214657.5232995
DEBUG 2026-05-08 00:03:57,771 autoreload File C:\Python314\Lib\asyncio\base_tasks.py first seen with mtime 1764976580.0
DEBUG 2026-05-08 00:03:57,771 autoreload File C:\xampp\htdocs\servidor\django-ticket\venv\Lib\site-packages\django\core\checks\caches.py first seen with mtime 1778214678.6446373
DEBUG 2026-05-08 00:03:57,771 autoreload File C:\xampp\htdocs\servidor\django-ticket\venv\Lib\site-packages\django\forms\forms.py first seen with mtime 1778214678.9246697
DEBUG 2026-05-08 00:03:57,771 autoreload File C:\Python314\DLLs\unicodedata.pyd first seen with mtime 1764976658.0
DEBUG 2026-05-08 00:03:57,771 autoreload File C:\Python314\Lib\encodings\cp1252.py first seen with mtime 1764976580.0
DEBUG 2026-05-08 00:03:57,771 autoreload File C:\Python314\Lib\_opcode_metadata.py first seen with mtime 1764976580.0
DEBUG 2026-05-08 00:03:57,772 autoreload File C:\xampp\htdocs\servidor\django-ticket\venv\Lib\site-packages\django\utils\ipv6.py first seen with mtime 1778214679.1708343
DEBUG 2026-05-08 00:03:57,772 autoreload File C:\Python314\Lib\email\mime\message.py first seen with mtime 1764976580.0
DEBUG 2026-05-08 00:03:57,772 autoreload File C:\xampp\htdocs\servidor\django-ticket\venv\Lib\site-packages\dotenv\main.py first seen with mtime 1778214657.7576737
DEBUG 2026-05-08 00:03:57,772 autoreload File C:\xampp\htdocs\servidor\django-ticket\venv\Lib\site-packages\django\utils\_os.py first seen with mtime 1778214679.132368
DEBUG 2026-05-08 00:03:57,772 autoreload File C:\Python314\Lib\urllib\parse.py first seen with mtime 1764976582.0
DEBUG 2026-05-08 00:03:57,773 autoreload File C:\xampp\htdocs\servidor\django-ticket\venv\Lib\site-packages\colorama\ansi.py first seen with mtime 1778214662.2141912
DEBUG 2026-05-08 00:03:57,773 autoreload File C:\xampp\htdocs\servidor\django-ticket\django_ticket\settings.py first seen with mtime 1778216451.1445937
DEBUG 2026-05-08 00:03:57,773 autoreload File C:\xampp\htdocs\servidor\django-ticket\venv\Lib\site-packages\django\core\serializers\json.py first seen with mtime 1778214678.7641044
DEBUG 2026-05-08 00:03:57,774 autoreload File C:\Python314\DLLs\_queue.pyd first seen with mtime 1764976656.0
DEBUG 2026-05-08 00:03:57,774 autoreload File C:\Python314\Lib\wsgiref\simple_server.py first seen with mtime 1764976582.0
DEBUG 2026-05-08 00:03:57,774 autoreload File C:\xampp\htdocs\servidor\django-ticket\venv\Lib\site-packages\django\template\backends\__init__.py first seen with mtime 1778214679.0929327
DEBUG 2026-05-08 00:03:57,775 autoreload File C:\xampp\htdocs\servidor\django-ticket\venv\Lib\site-packages\psycopg2\_psycopg.cp314-win_amd64.pyd first seen with mtime 1778214660.8326797
DEBUG 2026-05-08 00:03:57,775 autoreload File C:\Python314\Lib\http\server.py first seen with mtime 1764976580.0
DEBUG 2026-05-08 00:03:57,775 autoreload File C:\Python314\Lib\gettext.py first seen with mtime 1764976580.0
DEBUG 2026-05-08 00:03:57,775 autoreload File C:\Python314\Lib\json\encoder.py first seen with mtime 1764976580.0
DEBUG 2026-05-08 00:03:57,776 autoreload File C:\xampp\htdocs\servidor\django-ticket\venv\Lib\site-packages\django\middleware\csrf.py first seen with mtime 1778214679.0553935
DEBUG 2026-05-08 00:03:57,776 autoreload File C:\xampp\htdocs\servidor\django-ticket\venv\Lib\site-packages\django\db\backends\base\base.py first seen with mtime 1778214678.780817
DEBUG 2026-05-08 00:03:57,776 autoreload File C:\xampp\htdocs\servidor\django-ticket\venv\Lib\site-packages\django\template\defaultfilters.py first seen with mtime 1778214679.0806313
DEBUG 2026-05-08 00:03:57,776 autoreload File C:\xampp\htdocs\servidor\django-ticket\venv\Lib\site-packages\django\contrib\staticfiles\management\commands\__init__.py first seen with mtime 1778214678.6083941
DEBUG 2026-05-08 00:03:57,776 autoreload File C:\xampp\htdocs\servidor\django-ticket\venv\Lib\site-packages\django\contrib\auth\hashers.py first seen with mtime 1778214672.940088
DEBUG 2026-05-08 00:03:57,777 autoreload File C:\xampp\htdocs\servidor\django-ticket\venv\Lib\site-packages\django\utils\termcolors.py first seen with mtime 1778214679.183389
DEBUG 2026-05-08 00:03:57,777 autoreload File C:\Python314\Lib\asyncio\windows_utils.py first seen with mtime 1764976580.0
DEBUG 2026-05-08 00:03:57,777 autoreload File C:\Python314\Lib\contextvars.py first seen with mtime 1764976580.0
DEBUG 2026-05-08 00:03:57,778 autoreload File C:\xampp\htdocs\servidor\django-ticket\venv\Lib\site-packages\django\db\backends\base\operations.py first seen with mtime 1778214678.7863548
DEBUG 2026-05-08 00:03:57,778 autoreload File C:\xampp\htdocs\servidor\django-ticket\venv\Lib\site-packages\django\core\checks\urls.py first seen with mtime 1778214678.6609166
DEBUG 2026-05-08 00:03:57,778 autoreload File C:\xampp\htdocs\servidor\django-ticket\venv\Lib\site-packages\django\template\base.py first seen with mtime 1778214679.0783226
DEBUG 2026-05-08 00:03:57,778 autoreload File C:\xampp\htdocs\servidor\django-ticket\venv\Lib\site-packages\django\templatetags\cache.py first seen with mtime 1778214679.1043108
DEBUG 2026-05-08 00:03:57,779 autoreload File C:\xampp\htdocs\servidor\django-ticket\venv\Lib\site-packages\django\contrib\staticfiles\utils.py first seen with mtime 1778214678.6036298
DEBUG 2026-05-08 00:03:57,779 autoreload File C:\xampp\htdocs\servidor\django-ticket\venv\Lib\site-packages\django\contrib\auth\middleware.py first seen with mtime 1778214672.9410925
DEBUG 2026-05-08 00:03:57,780 autoreload File C:\xampp\htdocs\servidor\django-ticket\venv\Lib\site-packages\drf_spectacular\apps.py first seen with mtime 1778214687.1183732
DEBUG 2026-05-08 00:03:57,780 autoreload File C:\Python314\Lib\email\_parseaddr.py first seen with mtime 1764976580.0
DEBUG 2026-05-08 00:03:57,780 autoreload File C:\xampp\htdocs\servidor\django-ticket\venv\Lib\site-packages\django\middleware\cache.py first seen with mtime 1778214679.0512736
DEBUG 2026-05-08 00:03:57,780 autoreload File C:\Python314\Lib\logging\handlers.py first seen with mtime 1764976580.0
DEBUG 2026-05-08 00:03:57,781 autoreload File C:\xampp\htdocs\servidor\django-ticket\venv\Lib\site-packages\corsheaders\defaults.py first seen with mtime 1778214686.50561
DEBUG 2026-05-08 00:03:57,781 autoreload File C:\xampp\htdocs\servidor\django-ticket\venv\Lib\site-packages\django\views\generic\list.py first seen with mtime 1778214679.2214925
DEBUG 2026-05-08 00:03:57,781 autoreload File C:\Python314\Lib\tempfile.py first seen with mtime 1764976580.0
DEBUG 2026-05-08 00:03:57,781 autoreload File C:\xampp\htdocs\servidor\django-ticket\venv\Lib\site-packages\django\db\backends\base\validation.py first seen with mtime 1778214678.7887597
DEBUG 2026-05-08 00:03:57,781 autoreload File C:\xampp\htdocs\servidor\django-ticket\venv\Lib\site-packages\django\db\backends\base\client.py first seen with mtime 1778214678.781824
DEBUG 2026-05-08 00:03:57,782 autoreload File C:\xampp\htdocs\servidor\django-ticket\venv\Lib\site-packages\django\apps\__init__.py first seen with mtime 1778214670.9838734
DEBUG 2026-05-08 00:03:57,782 autoreload File C:\xampp\htdocs\servidor\django-ticket\venv\Lib\site-packages\dotenv\variables.py first seen with mtime 1778214657.7596736
DEBUG 2026-05-08 00:03:57,782 autoreload File C:\xampp\htdocs\servidor\django-ticket\venv\Lib\site-packages\django\contrib\admin\filters.py first seen with mtime 1778214671.5126286
DEBUG 2026-05-08 00:03:57,782 autoreload File C:\Python314\Lib\keyword.py first seen with mtime 1764976580.0
DEBUG 2026-05-08 00:03:57,783 autoreload File C:\xampp\htdocs\servidor\django-ticket\venv\Lib\site-packages\corsheaders\conf.py first seen with mtime 1778214686.50561
DEBUG 2026-05-08 00:03:57,783 autoreload File C:\Python314\Lib\json\scanner.py first seen with mtime 1764976580.0
DEBUG 2026-05-08 00:03:57,783 autoreload File C:\xampp\htdocs\servidor\django-ticket\venv\Lib\site-packages\django\contrib\contenttypes\views.py first seen with mtime 1778214673.4491248
DEBUG 2026-05-08 00:03:57,783 autoreload File C:\xampp\htdocs\servidor\django-ticket\manage.py first seen with mtime 1778214738.2459261
DEBUG 2026-05-08 00:03:57,783 autoreload File C:\xampp\htdocs\servidor\django-ticket\venv\Lib\site-packages\django\utils\deconstruct.py first seen with mtime 1778214679.1546905
DEBUG 2026-05-08 00:03:57,784 autoreload File C:\Python314\Lib\_compat_pickle.py first seen with mtime 1764976580.0
DEBUG 2026-05-08 00:03:57,784 autoreload File C:\xampp\htdocs\servidor\django-ticket\venv\Lib\site-packages\django\urls\exceptions.py first seen with mtime 1778214679.1268492
DEBUG 2026-05-08 00:03:57,784 autoreload File C:\Python314\Lib\zoneinfo\__init__.py first seen with mtime 1764976582.0
DEBUG 2026-05-08 00:03:57,784 autoreload File C:\Python314\DLLs\_asyncio.pyd first seen with mtime 1764976656.0
DEBUG 2026-05-08 00:03:57,785 autoreload File C:\xampp\htdocs\servidor\django-ticket\venv\Lib\site-packages\django\urls\converters.py first seen with mtime 1778214679.1244762
DEBUG 2026-05-08 00:03:57,785 autoreload File C:\xampp\htdocs\servidor\django-ticket\venv\Lib\site-packages\django\db\migrations\migration.py first seen with mtime 1778214678.8556669
DEBUG 2026-05-08 00:03:57,785 autoreload File C:\Python314\Lib\calendar.py first seen with mtime 1764976580.0
DEBUG 2026-05-08 00:03:57,785 autoreload File C:\xampp\htdocs\servidor\django-ticket\venv\Lib\site-packages\django\core\files\temp.py first seen with mtime 1778214678.6854715
DEBUG 2026-05-08 00:03:57,786 autoreload File C:\xampp\htdocs\servidor\django-ticket\venv\Lib\site-packages\django\db\models\query.py first seen with mtime 1778214678.8852155
DEBUG 2026-05-08 00:03:57,786 autoreload File C:\Python314\Lib\difflib.py first seen with mtime 1764976580.0
DEBUG 2026-05-08 00:03:57,786 autoreload File C:\Python314\Lib\asyncio\log.py first seen with mtime 1764976580.0
DEBUG 2026-05-08 00:03:57,786 autoreload File C:\xampp\htdocs\servidor\django-ticket\venv\Lib\site-packages\django\contrib\admin\templatetags\base.py first seen with mtime 1778214672.4822116
DEBUG 2026-05-08 00:03:57,787 autoreload File C:\Python314\Lib\compression\_common\__init__.py first seen with mtime 1764976580.0
DEBUG 2026-05-08 00:03:57,787 autoreload File C:\xampp\htdocs\servidor\django-ticket\venv\Lib\site-packages\django\db\__init__.py first seen with mtime 1778214678.7699258
DEBUG 2026-05-08 00:03:57,787 autoreload File C:\xampp\htdocs\servidor\django-ticket\venv\Lib\site-packages\dotenv\__init__.py first seen with mtime 1778214657.7551706
DEBUG 2026-05-08 00:03:57,787 autoreload File C:\xampp\htdocs\servidor\django-ticket\venv\Lib\site-packages\django\db\backends\postgresql\operations.py first seen with mtime 1778214678.8340125
DEBUG 2026-05-08 00:03:57,788 autoreload File C:\Python314\Lib\fnmatch.py first seen with mtime 1764976580.0
DEBUG 2026-05-08 00:03:57,788 autoreload File C:\xampp\htdocs\servidor\django-ticket\venv\Lib\site-packages\django\core\cache\backends\__init__.py first seen with mtime 1778214678.6300845
DEBUG 2026-05-08 00:03:57,788 autoreload File C:\xampp\htdocs\servidor\django-ticket\venv\Lib\site-packages\psycopg2\__init__.py first seen with mtime 1778214660.850583
DEBUG 2026-05-08 00:03:57,788 autoreload File C:\Python314\Lib\json\decoder.py first seen with mtime 1764976580.0
DEBUG 2026-05-08 00:03:57,788 autoreload File C:\Python314\Lib\asyncio\format_helpers.py first seen with mtime 1764976580.0
DEBUG 2026-05-08 00:03:57,789 autoreload File C:\xampp\htdocs\servidor\django-ticket\venv\Lib\site-packages\django\core\serializers\__init__.py first seen with mtime 1778214678.7617815
DEBUG 2026-05-08 00:03:57,789 autoreload File C:\xampp\htdocs\servidor\django-ticket\venv\Lib\site-packages\django\db\models\constants.py first seen with mtime 1778214678.8750935
DEBUG 2026-05-08 00:03:57,789 autoreload File C:\xampp\htdocs\servidor\django-ticket\venv\Lib\site-packages\django\db\models\fields\json.py first seen with mtime 1778214678.893024
DEBUG 2026-05-08 00:03:57,789 autoreload File C:\Python314\Lib\email\parser.py first seen with mtime 1764976580.0
DEBUG 2026-05-08 00:03:57,790 autoreload File C:\Python314\Lib\ctypes\_endian.py first seen with mtime 1764976580.0
DEBUG 2026-05-08 00:03:57,790 autoreload File C:\xampp\htdocs\servidor\django-ticket\venv\Lib\site-packages\django\contrib\staticfiles\__init__.py first seen with mtime 1778214678.595668
DEBUG 2026-05-08 00:03:57,790 autoreload File C:\Python314\Lib\asyncio\queues.py first seen with mtime 1764976580.0
DEBUG 2026-05-08 00:03:57,790 autoreload File C:\xampp\htdocs\servidor\django-ticket\venv\Lib\site-packages\django\views\decorators\common.py first seen with mtime 1778214679.2075295
DEBUG 2026-05-08 00:03:57,791 autoreload File C:\xampp\htdocs\servidor\django-ticket\venv\Lib\site-packages\django\contrib\admin\templatetags\admin_modify.py first seen with mtime 1778214672.47915
DEBUG 2026-05-08 00:03:57,791 autoreload File C:\xampp\htdocs\servidor\django-ticket\venv\Lib\site-packages\django\contrib\auth\views.py first seen with mtime 1778214672.9483647
DEBUG 2026-05-08 00:03:57,791 autoreload File C:\xampp\htdocs\servidor\django-ticket\django_ticket\urls.py first seen with mtime 1778214738.2487254
DEBUG 2026-05-08 00:03:57,791 autoreload File C:\Python314\Lib\_py_warnings.py first seen with mtime 1764976580.0
DEBUG 2026-05-08 00:03:57,792 autoreload File C:\xampp\htdocs\servidor\django-ticket\venv\Lib\site-packages\django\urls\__init__.py first seen with mtime 1778214679.1214855
DEBUG 2026-05-08 00:03:57,792 autoreload File C:\Python314\Lib\copyreg.py first seen with mtime 1764976580.0
DEBUG 2026-05-08 00:03:57,792 autoreload File C:\xampp\htdocs\servidor\django-ticket\venv\Lib\site-packages\django\core\files\storage\mixins.py first seen with mtime 1778214678.6960635
DEBUG 2026-05-08 00:03:57,793 autoreload File C:\xampp\htdocs\servidor\django-ticket\venv\Lib\site-packages\django\apps\config.py first seen with mtime 1778214670.9838734
DEBUG 2026-05-08 00:03:57,793 autoreload File C:\Python314\Lib\encodings\utf_8_sig.py first seen with mtime 1764976580.0
DEBUG 2026-05-08 00:03:57,793 autoreload File C:\xampp\htdocs\servidor\django-ticket\venv\Lib\site-packages\dotenv\parser.py first seen with mtime 1778214657.7576737
DEBUG 2026-05-08 00:03:57,793 autoreload File C:\xampp\htdocs\servidor\django-ticket\venv\Lib\site-packages\django\views\generic\detail.py first seen with mtime 1778214679.2194986
DEBUG 2026-05-08 00:03:57,794 autoreload File C:\xampp\htdocs\servidor\django-ticket\venv\Lib\site-packages\asgiref\sync.py first seen with mtime 1778214662.5276198
DEBUG 2026-05-08 00:03:57,794 autoreload File C:\xampp\htdocs\servidor\django-ticket\venv\Lib\site-packages\django\core\signing.py first seen with mtime 1778214678.6245515
DEBUG 2026-05-08 00:03:57,796 autoreload File C:\xampp\htdocs\servidor\django-ticket\venv\Lib\site-packages\django\core\files\move.py first seen with mtime 1778214678.6834753
DEBUG 2026-05-08 00:03:57,796 autoreload File C:\Python314\Lib\concurrent\__init__.py first seen with mtime 1764976580.0
DEBUG 2026-05-08 00:03:57,796 autoreload File C:\xampp\htdocs\servidor\django-ticket\venv\Lib\site-packages\django\contrib\sites\shortcuts.py first seen with mtime 1778214678.1836567
DEBUG 2026-05-08 00:03:57,796 autoreload File C:\xampp\htdocs\servidor\django-ticket\venv\Lib\site-packages\django\dispatch\dispatcher.py first seen with mtime 1778214678.9194775
DEBUG 2026-05-08 00:03:57,797 autoreload File C:\xampp\htdocs\servidor\django-ticket\venv\Lib\site-packages\psycopg2\extensions.py first seen with mtime 1778214660.752742
DEBUG 2026-05-08 00:03:57,797 autoreload File C:\Python314\Lib\secrets.py first seen with mtime 1764976580.0
DEBUG 2026-05-08 00:03:57,797 autoreload File C:\xampp\htdocs\servidor\django-ticket\venv\Lib\site-packages\django\forms\utils.py first seen with mtime 1778214678.9283557
DEBUG 2026-05-08 00:03:57,798 autoreload File C:\xampp\htdocs\servidor\django-ticket\venv\Lib\site-packages\django\utils\__init__.py first seen with mtime 1778214679.130371
DEBUG 2026-05-08 00:03:57,798 autoreload File C:\xampp\htdocs\servidor\django-ticket\venv\Lib\site-packages\django\utils\module_loading.py first seen with mtime 1778214679.1794684
DEBUG 2026-05-08 00:03:57,798 autoreload File C:\Python314\Lib\http\client.py first seen with mtime 1764976580.0
DEBUG 2026-05-08 00:03:57,798 autoreload File C:\xampp\htdocs\servidor\django-ticket\venv\Lib\site-packages\django\utils\duration.py first seen with mtime 1778214679.1593351
DEBUG 2026-05-08 00:03:57,799 autoreload File C:\Python314\Lib\textwrap.py first seen with mtime 1764976580.0
DEBUG 2026-05-08 00:03:57,799 autoreload File C:\Python314\Lib\asyncio\events.py first seen with mtime 1764976580.0
DEBUG 2026-05-08 00:03:57,799 autoreload File C:\xampp\htdocs\servidor\django-ticket\venv\Lib\site-packages\django\templatetags\static.py first seen with mtime 1778214679.108413
DEBUG 2026-05-08 00:03:57,800 autoreload File C:\xampp\htdocs\servidor\django-ticket\venv\Lib\site-packages\psycopg2\_ipaddress.py first seen with mtime 1778214660.8316236
DEBUG 2026-05-08 00:03:57,800 autoreload File C:\xampp\htdocs\servidor\django-ticket\venv\Lib\site-packages\whitenoise\base.py first seen with mtime 1778214656.783139
DEBUG 2026-05-08 00:03:57,800 autoreload File C:\xampp\htdocs\servidor\django-ticket\venv\Lib\site-packages\django\template\backends\base.py first seen with mtime 1778214679.0929327
DEBUG 2026-05-08 00:03:57,800 autoreload File C:\Python314\Lib\enum.py first seen with mtime 1764976580.0
DEBUG 2026-05-08 00:03:57,801 autoreload File C:\xampp\htdocs\servidor\django-ticket\venv\Lib\site-packages\django\db\models\sql\constants.py first seen with mtime 1778214678.9136786
DEBUG 2026-05-08 00:03:57,801 autoreload File C:\Python314\Lib\email\__init__.py first seen with mtime 1764976580.0
DEBUG 2026-05-08 00:03:57,801 autoreload File C:\xampp\htdocs\servidor\django-ticket\venv\Lib\site-packages\django\db\models\fields\mixins.py first seen with mtime 1778214678.8940332
DEBUG 2026-05-08 00:03:57,801 autoreload File C:\xampp\htdocs\servidor\django-ticket\venv\Lib\site-packages\django\db\models\__init__.py first seen with mtime 1778214678.869697
DEBUG 2026-05-08 00:03:57,802 autoreload File C:\xampp\htdocs\servidor\django-ticket\venv\Lib\site-packages\django\utils\translation\reloader.py first seen with mtime 1778214679.1919088
DEBUG 2026-05-08 00:03:57,802 autoreload File C:\xampp\htdocs\servidor\django-ticket\venv\Lib\site-packages\django\core\checks\security\csrf.py first seen with mtime 1778214678.6716845
DEBUG 2026-05-08 00:03:57,802 autoreload File C:\xampp\htdocs\servidor\django-ticket\venv\Lib\site-packages\django\urls\base.py first seen with mtime 1778214679.1224823
DEBUG 2026-05-08 00:03:57,802 autoreload File C:\xampp\htdocs\servidor\django-ticket\venv\Lib\site-packages\django\core\management\commands\runserver.py first seen with mtime 1778214678.748518
DEBUG 2026-05-08 00:03:57,803 autoreload File C:\xampp\htdocs\servidor\django-ticket\venv\Lib\site-packages\django\utils\lorem_ipsum.py first seen with mtime 1778214679.1773314
DEBUG 2026-05-08 00:03:57,803 autoreload File C:\Python314\Lib\json\__init__.py first seen with mtime 1764976580.0
DEBUG 2026-05-08 00:03:57,803 autoreload File C:\xampp\htdocs\servidor\django-ticket\venv\Lib\site-packages\django\db\backends\postgresql\creation.py first seen with mtime 1778214678.8318906
DEBUG 2026-05-08 00:03:57,803 autoreload File C:\Python314\Lib\typing.py first seen with mtime 1764976582.0
DEBUG 2026-05-08 00:03:57,804 autoreload File C:\Python314\Lib\email\mime\base.py first seen with mtime 1764976580.0
DEBUG 2026-05-08 00:03:57,804 autoreload File C:\xampp\htdocs\servidor\django-ticket\venv\Lib\site-packages\django\db\backends\base\schema.py first seen with mtime 1778214678.7873547
DEBUG 2026-05-08 00:03:57,804 autoreload File C:\xampp\htdocs\servidor\django-ticket\venv\Lib\site-packages\django\utils\cache.py first seen with mtime 1778214679.1381392
DEBUG 2026-05-08 00:03:57,805 autoreload File C:\xampp\htdocs\servidor\django-ticket\django_ticket\__init__.py first seen with mtime 1778214738.250746
DEBUG 2026-05-08 00:03:57,805 autoreload File C:\xampp\htdocs\servidor\django-ticket\venv\Lib\site-packages\django\core\servers\basehttp.py first seen with mtime 1778214678.7689264
DEBUG 2026-05-08 00:03:57,805 autoreload File C:\xampp\htdocs\servidor\django-ticket\venv\Lib\site-packages\django\contrib\sessions\__init__.py first seen with mtime 1778214677.7045097
DEBUG 2026-05-08 00:03:57,805 autoreload File C:\xampp\htdocs\servidor\django-ticket\venv\Lib\site-packages\corsheaders\apps.py first seen with mtime 1778214686.5004141
DEBUG 2026-05-08 00:03:57,806 autoreload File C:\xampp\htdocs\servidor\django-ticket\venv\Lib\site-packages\django\contrib\admin\views\main.py first seen with mtime 1778214672.4877298
DEBUG 2026-05-08 00:03:57,806 autoreload File C:\xampp\htdocs\servidor\django-ticket\venv\Lib\site-packages\django\core\files\storage\memory.py first seen with mtime 1778214678.6950176
DEBUG 2026-05-08 00:03:57,806 autoreload File C:\xampp\htdocs\servidor\django-ticket\venv\Lib\site-packages\django\contrib\auth\management\__init__.py first seen with mtime 1778214673.4185448
DEBUG 2026-05-08 00:03:57,807 autoreload File C:\xampp\htdocs\servidor\django-ticket\venv\Lib\site-packages\sqlparse\engine\grouping.py first seen with mtime 1778214657.5246153
DEBUG 2026-05-08 00:03:57,807 autoreload File C:\xampp\htdocs\servidor\django-ticket\venv\Lib\site-packages\django\core\mail\__init__.py first seen with mtime 1778214678.7038088
DEBUG 2026-05-08 00:03:57,807 autoreload File C:\xampp\htdocs\servidor\django-ticket\venv\Lib\site-packages\django\contrib\auth\signals.py first seen with mtime 1778214672.944584
DEBUG 2026-05-08 00:03:57,808 autoreload File C:\xampp\htdocs\servidor\django-ticket\venv\Lib\site-packages\django\contrib\sites\__init__.py first seen with mtime 1778214678.1675985
DEBUG 2026-05-08 00:03:57,808 autoreload File C:\xampp\htdocs\servidor\django-ticket\venv\Lib\site-packages\django\db\backends\base\introspection.py first seen with mtime 1778214678.7853432
DEBUG 2026-05-08 00:03:57,808 autoreload File C:\xampp\htdocs\servidor\django-ticket\venv\Lib\site-packages\colorama\__init__.py first seen with mtime 1778214662.2131937
DEBUG 2026-05-08 00:03:57,808 autoreload File C:\xampp\htdocs\servidor\django-ticket\venv\Lib\site-packages\django\core\checks\model_checks.py first seen with mtime 1778214678.6501591
DEBUG 2026-05-08 00:03:57,809 autoreload File C:\xampp\htdocs\servidor\django-ticket\venv\Lib\site-packages\sqlparse\filters\right_margin.py first seen with mtime 1778214657.5297265
DEBUG 2026-05-08 00:03:57,809 autoreload File C:\Python314\Lib\hmac.py first seen with mtime 1764976580.0
DEBUG 2026-05-08 00:03:57,809 autoreload File C:\xampp\htdocs\servidor\django-ticket\venv\Lib\site-packages\django\contrib\messages\utils.py first seen with mtime 1778214676.905259
DEBUG 2026-05-08 00:03:57,810 autoreload File C:\xampp\htdocs\servidor\django-ticket\venv\Lib\site-packages\django\core\files\storage\handler.py first seen with mtime 1778214678.6940134
DEBUG 2026-05-08 00:03:57,810 autoreload File C:\xampp\htdocs\servidor\django-ticket\venv\Lib\site-packages\django\utils\translation\__init__.py first seen with mtime 1778214679.190912
DEBUG 2026-05-08 00:03:57,811 autoreload File C:\xampp\htdocs\servidor\django-ticket\venv\Lib\site-packages\django\contrib\staticfiles\checks.py first seen with mtime 1778214678.5971787
DEBUG 2026-05-08 00:03:57,812 autoreload File C:\xampp\htdocs\servidor\django-ticket\venv\Lib\site-packages\django\core\files\storage\__init__.py first seen with mtime 1778214678.6919997
DEBUG 2026-05-08 00:03:57,812 autoreload File C:\xampp\htdocs\servidor\django-ticket\venv\Lib\site-packages\django\db\models\options.py first seen with mtime 1778214678.8841882
DEBUG 2026-05-08 00:03:57,813 autoreload File C:\xampp\htdocs\servidor\django-ticket\venv\Lib\site-packages\colorama\winterm.py first seen with mtime 1778214662.217183
DEBUG 2026-05-08 00:03:57,814 autoreload File C:\xampp\htdocs\servidor\django-ticket\venv\Lib\site-packages\sqlparse\formatter.py first seen with mtime 1778214657.5186627
DEBUG 2026-05-08 00:03:57,814 autoreload File C:\xampp\htdocs\servidor\django-ticket\venv\Lib\site-packages\sqlparse\filters\others.py first seen with mtime 1778214657.5273025
DEBUG 2026-05-08 00:03:57,814 autoreload File C:\xampp\htdocs\servidor\django-ticket\venv\Lib\site-packages\django\template\loaders\base.py first seen with mtime 1778214679.0995243
DEBUG 2026-05-08 00:03:57,815 autoreload File C:\Python314\Lib\email\feedparser.py first seen with mtime 1764976580.0
DEBUG 2026-05-08 00:03:57,815 autoreload File C:\xampp\htdocs\servidor\django-ticket\venv\Lib\site-packages\django\contrib\auth\apps.py first seen with mtime 1778214672.93242
DEBUG 2026-05-08 00:03:57,815 autoreload File C:\xampp\htdocs\servidor\django-ticket\venv\Lib\site-packages\django\utils\copy.py first seen with mtime 1778214679.1445296
DEBUG 2026-05-08 00:03:57,816 autoreload File C:\xampp\htdocs\servidor\django-ticket\venv\Lib\site-packages\django\core\files\uploadedfile.py first seen with mtime 1778214678.6866562
DEBUG 2026-05-08 00:03:57,816 autoreload File C:\xampp\htdocs\servidor\django-ticket\venv\Lib\site-packages\django\contrib\contenttypes\checks.py first seen with mtime 1778214673.444583
DEBUG 2026-05-08 00:03:57,816 autoreload File C:\xampp\htdocs\servidor\django-ticket\venv\Lib\site-packages\django\db\transaction.py first seen with mtime 1778214678.7709236
DEBUG 2026-05-08 00:03:57,817 autoreload File C:\Python314\Lib\email\_encoded_words.py first seen with mtime 1764976580.0
DEBUG 2026-05-08 00:03:57,817 autoreload File C:\xampp\htdocs\servidor\django-ticket\venv\Lib\site-packages\psycopg2\extras.py first seen with mtime 1778214660.761782
DEBUG 2026-05-08 00:03:57,817 autoreload File C:\Python314\Lib\asyncio\coroutines.py first seen with mtime 1764976580.0
DEBUG 2026-05-08 00:03:57,817 autoreload File C:\Python314\Lib\types.py first seen with mtime 1764976582.0
DEBUG 2026-05-08 00:03:57,818 autoreload File C:\xampp\htdocs\servidor\django-ticket\venv\Lib\site-packages\drf_spectacular\checks.py first seen with mtime 1778214687.1193838
DEBUG 2026-05-08 00:03:57,818 autoreload File C:\xampp\htdocs\servidor\django-ticket\venv\Lib\site-packages\django\contrib\sessions\apps.py first seen with mtime 1778214677.7055106
DEBUG 2026-05-08 00:03:57,818 autoreload File C:\xampp\htdocs\servidor\django-ticket\venv\Lib\site-packages\whitenoise\__init__.py first seen with mtime 1778214656.783139
DEBUG 2026-05-08 00:03:57,819 autoreload File C:\Python314\Lib\asyncio\graph.py first seen with mtime 1764976580.0
DEBUG 2026-05-08 00:03:57,819 autoreload File C:\Python314\DLLs\_bz2.pyd first seen with mtime 1764976656.0
DEBUG 2026-05-08 00:03:57,819 autoreload File C:\Python314\Lib\asyncio\constants.py first seen with mtime 1764976580.0
DEBUG 2026-05-08 00:03:57,819 autoreload File C:\Python314\Lib\ast.py first seen with mtime 1764976580.0
DEBUG 2026-05-08 00:03:57,820 autoreload File C:\Python314\Lib\email\quoprimime.py first seen with mtime 1764976580.0
DEBUG 2026-05-08 00:03:57,820 autoreload File C:\xampp\htdocs\servidor\django-ticket\venv\Lib\site-packages\django\db\models\fields\files.py first seen with mtime 1778214678.8920195
DEBUG 2026-05-08 00:03:57,820 autoreload File C:\Python314\Lib\importlib\__init__.py first seen with mtime 1764976580.0
DEBUG 2026-05-08 00:03:57,820 autoreload File C:\xampp\htdocs\servidor\django-ticket\venv\Lib\site-packages\django\db\backends\base\creation.py first seen with mtime 1778214678.7832308
DEBUG 2026-05-08 00:03:57,821 autoreload File C:\Python314\Lib\encodings\__init__.py first seen with mtime 1764976580.0
DEBUG 2026-05-08 00:03:57,821 autoreload File C:\xampp\htdocs\servidor\django-ticket\venv\Lib\site-packages\django\contrib\contenttypes\management\__init__.py first seen with mtime 1778214674.0256221
DEBUG 2026-05-08 00:03:57,821 autoreload File C:\xampp\htdocs\servidor\django-ticket\venv\Lib\site-packages\django\db\models\sql\compiler.py first seen with mtime 1778214678.9126701
DEBUG 2026-05-08 00:03:57,822 autoreload File C:\xampp\htdocs\servidor\django-ticket\venv\Lib\site-packages\psycopg2\errors.py first seen with mtime 1778214660.752742
DEBUG 2026-05-08 00:03:57,822 autoreload File C:\xampp\htdocs\servidor\django-ticket\venv\Lib\site-packages\django\utils\decorators.py first seen with mtime 1778214679.1556952
DEBUG 2026-05-08 00:03:57,822 autoreload File C:\xampp\htdocs\servidor\django-ticket\venv\Lib\site-packages\django\contrib\messages\storage\base.py first seen with mtime 1778214676.9139826
DEBUG 2026-05-08 00:03:57,822 autoreload File C:\xampp\htdocs\servidor\django-ticket\venv\Lib\site-packages\django\db\models\fields\related.py first seen with mtime 1778214678.8950713
DEBUG 2026-05-08 00:03:57,823 autoreload File C:\xampp\htdocs\servidor\django-ticket\venv\Lib\site-packages\django\utils\translation\trans_real.py first seen with mtime 1778214679.194903
DEBUG 2026-05-08 00:03:57,823 autoreload File C:\Python314\DLLs\_ssl.pyd first seen with mtime 1764976658.0
DEBUG 2026-05-08 00:03:57,823 autoreload File C:\xampp\htdocs\servidor\django-ticket\venv\Lib\site-packages\django\core\cache\backends\base.py first seen with mtime 1778214678.6310823
DEBUG 2026-05-08 00:03:57,824 autoreload File C:\xampp\htdocs\servidor\django-ticket\venv\Lib\site-packages\django\contrib\sessions\models.py first seen with mtime 1778214677.7120116
DEBUG 2026-05-08 00:03:57,824 autoreload File C:\xampp\htdocs\servidor\django-ticket\venv\Lib\site-packages\django\core\cache\__init__.py first seen with mtime 1778214678.6280465
DEBUG 2026-05-08 00:03:57,824 autoreload File C:\Python314\Lib\argparse.py first seen with mtime 1764976580.0
DEBUG 2026-05-08 00:03:57,825 autoreload File C:\xampp\htdocs\servidor\django-ticket\venv\Lib\site-packages\django\core\checks\translation.py first seen with mtime 1778214678.657903
DEBUG 2026-05-08 00:03:57,825 autoreload File C:\Python314\Lib\numbers.py first seen with mtime 1764976580.0
DEBUG 2026-05-08 00:03:57,825 autoreload File C:\xampp\htdocs\servidor\django-ticket\venv\Lib\site-packages\django\__init__.py first seen with mtime 1778214670.9772818
DEBUG 2026-05-08 00:03:57,826 autoreload File C:\Python314\Lib\heapq.py first seen with mtime 1764976580.0
DEBUG 2026-05-08 00:03:57,826 autoreload File C:\Python314\Lib\asyncio\sslproto.py first seen with mtime 1764976580.0
DEBUG 2026-05-08 00:03:57,826 autoreload File C:\Python314\Lib\re\_casefix.py first seen with mtime 1764976580.0
DEBUG 2026-05-08 00:03:57,827 autoreload File C:\xampp\htdocs\servidor\django-ticket\venv\Lib\site-packages\django\db\backends\utils.py first seen with mtime 1778214678.775931
DEBUG 2026-05-08 00:03:57,827 autoreload File C:\xampp\htdocs\servidor\django-ticket\venv\Lib\site-packages\django\template\loader_tags.py first seen with mtime 1778214679.0883718
DEBUG 2026-05-08 00:03:57,828 autoreload File C:\Python314\Lib\encodings\aliases.py first seen with mtime 1764976580.0
DEBUG 2026-05-08 00:03:57,828 autoreload File C:\Python314\Lib\concurrent\futures\_base.py first seen with mtime 1764976580.0
DEBUG 2026-05-08 00:03:57,828 autoreload File C:\Python314\Lib\logging\config.py first seen with mtime 1764976580.0
DEBUG 2026-05-08 00:03:57,829 autoreload File C:\xampp\htdocs\servidor\django-ticket\venv\Lib\site-packages\django\db\models\expressions.py first seen with mtime 1778214678.8796253
DEBUG 2026-05-08 00:03:57,829 autoreload File C:\xampp\htdocs\servidor\django-ticket\venv\Lib\site-packages\django\forms\boundfield.py first seen with mtime 1778214678.922651
DEBUG 2026-05-08 00:03:57,830 autoreload File C:\xampp\htdocs\servidor\django-ticket\venv\Lib\site-packages\django\template\autoreload.py first seen with mtime 1778214679.0709376
DEBUG 2026-05-08 00:03:57,830 autoreload File C:\xampp\htdocs\servidor\django-ticket\venv\Lib\site-packages\django\template\library.py first seen with mtime 1778214679.0863395
DEBUG 2026-05-08 00:03:57,830 autoreload File C:\xampp\htdocs\servidor\django-ticket\venv\Lib\site-packages\django\contrib\auth\checks.py first seen with mtime 1778214672.9355588
DEBUG 2026-05-08 00:03:57,830 autoreload File C:\xampp\htdocs\servidor\django-ticket\venv\Lib\site-packages\django\contrib\admin\helpers.py first seen with mtime 1778214671.5157385
DEBUG 2026-05-08 00:03:57,831 autoreload File C:\xampp\htdocs\servidor\django-ticket\venv\Lib\site-packages\django\core\cache\utils.py first seen with mtime 1778214678.6290843
DEBUG 2026-05-08 00:03:57,831 autoreload File C:\xampp\htdocs\servidor\django-ticket\venv\Lib\site-packages\django\core\files\locks.py first seen with mtime 1778214678.6824784
DEBUG 2026-05-08 00:03:57,831 autoreload File C:\xampp\htdocs\servidor\django-ticket\venv\Lib\site-packages\django\db\models\functions\datetime.py first seen with mtime 1778214678.901688
DEBUG 2026-05-08 00:03:57,832 autoreload File C:\xampp\htdocs\servidor\django-ticket\venv\Lib\site-packages\django\db\models\sql\__init__.py first seen with mtime 1778214678.9116623
DEBUG 2026-05-08 00:03:57,832 autoreload File C:\Python314\Lib\email\mime\multipart.py first seen with mtime 1764976580.0
DEBUG 2026-05-08 00:03:57,832 autoreload File C:\Python314\Lib\ssl.py first seen with mtime 1764976580.0
DEBUG 2026-05-08 00:03:57,832 autoreload File C:\xampp\htdocs\servidor\django-ticket\venv\Lib\site-packages\colorama\initialise.py first seen with mtime 1778214662.215188
DEBUG 2026-05-08 00:03:57,833 autoreload File C:\xampp\htdocs\servidor\django-ticket\venv\Lib\site-packages\django\contrib\auth\__init__.py first seen with mtime 1778214672.9304116
DEBUG 2026-05-08 00:03:57,833 autoreload File C:\xampp\htdocs\servidor\django-ticket\venv\Lib\site-packages\django\core\files\base.py first seen with mtime 1778214678.679948
DEBUG 2026-05-08 00:03:57,833 autoreload File C:\xampp\htdocs\servidor\django-ticket\venv\Lib\site-packages\django\db\models\fields\generated.py first seen with mtime 1778214678.893024
DEBUG 2026-05-08 00:03:57,833 autoreload File C:\xampp\htdocs\servidor\django-ticket\venv\Lib\site-packages\django\db\models\query_utils.py first seen with mtime 1778214678.886225
DEBUG 2026-05-08 00:03:57,834 autoreload File C:\Python314\Lib\asyncio\timeouts.py first seen with mtime 1764976580.0
DEBUG 2026-05-08 00:03:57,834 autoreload File C:\xampp\htdocs\servidor\django-ticket\venv\Lib\site-packages\django\contrib\admin\checks.py first seen with mtime 1778214671.5073664
DEBUG 2026-05-08 00:03:57,834 autoreload File C:\xampp\htdocs\servidor\django-ticket\venv\Lib\site-packages\django\db\backends\signals.py first seen with mtime 1778214678.774933
DEBUG 2026-05-08 00:03:57,834 autoreload File C:\xampp\htdocs\servidor\django-ticket\venv\Lib\site-packages\django\views\generic\__init__.py first seen with mtime 1778214679.2159717
DEBUG 2026-05-08 00:03:57,835 autoreload File C:\xampp\htdocs\servidor\django-ticket\venv\Lib\site-packages\whitenoise\responders.py first seen with mtime 1778214656.7852988
DEBUG 2026-05-08 00:03:57,835 autoreload File C:\xampp\htdocs\servidor\django-ticket\venv\Lib\site-packages\django\utils\functional.py first seen with mtime 1778214679.1653225
DEBUG 2026-05-08 00:03:57,835 autoreload File C:\Python314\Lib\warnings.py first seen with mtime 1764976582.0
DEBUG 2026-05-08 00:03:57,835 autoreload File C:\Python314\DLLs\_uuid.pyd first seen with mtime 1764976656.0
DEBUG 2026-05-08 00:03:57,836 autoreload File C:\Python314\Lib\gzip.py first seen with mtime 1764976580.0
DEBUG 2026-05-08 00:03:57,836 autoreload File C:\Python314\Lib\opcode.py first seen with mtime 1764976580.0
DEBUG 2026-05-08 00:03:57,836 autoreload File C:\xampp\htdocs\servidor\django-ticket\venv\Lib\site-packages\django\core\exceptions.py first seen with mtime 1778214678.6212366
DEBUG 2026-05-08 00:03:57,836 autoreload File C:\xampp\htdocs\servidor\django-ticket\venv\Lib\site-packages\django\core\wsgi.py first seen with mtime 1778214678.6265452
DEBUG 2026-05-08 00:03:57,837 autoreload File C:\xampp\htdocs\servidor\django-ticket\venv\Lib\site-packages\django\contrib\auth\backends.py first seen with mtime 1778214672.9334242
DEBUG 2026-05-08 00:03:57,837 autoreload File C:\xampp\htdocs\servidor\django-ticket\venv\Lib\site-packages\django\template\response.py first seen with mtime 1778214679.0893793
DEBUG 2026-05-08 00:03:57,837 autoreload File C:\Python314\Lib\reprlib.py first seen with mtime 1764976580.0
DEBUG 2026-05-08 00:03:57,837 autoreload File C:\xampp\htdocs\servidor\django-ticket\venv\Lib\site-packages\django\contrib\admin\decorators.py first seen with mtime 1778214671.5083873
DEBUG 2026-05-08 00:03:57,838 autoreload File C:\Python314\Lib\codeop.py first seen with mtime 1764976580.0
DEBUG 2026-05-08 00:03:57,838 autoreload File C:\xampp\htdocs\servidor\django-ticket\venv\Lib\site-packages\django\views\decorators\__init__.py first seen with mtime 1778214679.203486
DEBUG 2026-05-08 00:03:57,838 autoreload File C:\Python314\Lib\email\utils.py first seen with mtime 1764976580.0
DEBUG 2026-05-08 00:03:57,838 autoreload File C:\xampp\htdocs\servidor\django-ticket\venv\Lib\site-packages\django\core\checks\templates.py first seen with mtime 1778214678.6541474
DEBUG 2026-05-08 00:03:57,838 autoreload File C:\xampp\htdocs\servidor\django-ticket\venv\Lib\site-packages\django\template\loader.py first seen with mtime 1778214679.0873368
DEBUG 2026-05-08 00:03:57,839 autoreload File C:\Python314\DLLs\_zstd.pyd first seen with mtime 1764976658.0
DEBUG 2026-05-08 00:03:57,839 autoreload File C:\Python314\Lib\re\_parser.py first seen with mtime 1764976580.0
DEBUG 2026-05-08 00:03:57,839 autoreload File C:\xampp\htdocs\servidor\django-ticket\venv\Lib\site-packages\django\db\models\sql\datastructures.py first seen with mtime 1778214678.9136786
DEBUG 2026-05-08 00:03:57,840 autoreload File C:\Python314\Lib\email\mime\text.py first seen with mtime 1764976580.0
DEBUG 2026-05-08 00:03:57,840 autoreload File C:\xampp\htdocs\servidor\django-ticket\venv\Lib\site-packages\corsheaders\__init__.py first seen with mtime 1778214686.4993951
DEBUG 2026-05-08 00:03:57,840 autoreload File C:\xampp\htdocs\servidor\django-ticket\venv\Lib\site-packages\django\template\exceptions.py first seen with mtime 1778214679.0853305
DEBUG 2026-05-08 00:03:57,841 autoreload File C:\xampp\htdocs\servidor\django-ticket\venv\Lib\site-packages\django\utils\safestring.py first seen with mtime 1778214679.1823688
DEBUG 2026-05-08 00:03:57,841 autoreload File C:\xampp\htdocs\servidor\django-ticket\venv\Lib\site-packages\sqlparse\utils.py first seen with mtime 1778214657.5218372
DEBUG 2026-05-08 00:03:57,841 autoreload File C:\xampp\htdocs\servidor\django-ticket\venv\Lib\site-packages\django\core\checks\async_checks.py first seen with mtime 1778214678.6406481
DEBUG 2026-05-08 00:03:57,841 autoreload File C:\xampp\htdocs\servidor\django-ticket\venv\Lib\site-packages\django\utils\autoreload.py first seen with mtime 1778214679.13712
DEBUG 2026-05-08 00:03:57,842 autoreload File C:\Python314\Lib\graphlib.py first seen with mtime 1764976580.0
DEBUG 2026-05-08 00:03:57,842 autoreload File C:\xampp\htdocs\servidor\django-ticket\venv\Lib\site-packages\django\template\utils.py first seen with mtime 1778214679.091714
DEBUG 2026-05-08 00:03:57,842 autoreload File C:\Python314\Lib\ctypes\_layout.py first seen with mtime 1764976580.0
DEBUG 2026-05-08 00:03:57,843 autoreload File C:\xampp\htdocs\servidor\django-ticket\venv\Lib\site-packages\django\contrib\contenttypes\models.py first seen with mtime 1778214673.447098
DEBUG 2026-05-08 00:03:57,843 autoreload File C:\Python314\Lib\http\__init__.py first seen with mtime 1764976580.0
DEBUG 2026-05-08 00:03:57,843 autoreload File C:\Python314\Lib\email\contentmanager.py first seen with mtime 1764976580.0
DEBUG 2026-05-08 00:03:57,843 autoreload File C:\xampp\htdocs\servidor\django-ticket\venv\Lib\site-packages\django\forms\__init__.py first seen with mtime 1778214678.9216082
DEBUG 2026-05-08 00:03:57,844 autoreload File C:\xampp\htdocs\servidor\django-ticket\venv\Lib\site-packages\django\db\models\fields\reverse_related.py first seen with mtime 1778214678.898629
DEBUG 2026-05-08 00:03:57,845 autoreload File C:\Python314\Lib\email\mime\nonmultipart.py first seen with mtime 1764976580.0
DEBUG 2026-05-08 00:03:57,846 autoreload File C:\xampp\htdocs\servidor\django-ticket\venv\Lib\site-packages\django\apps\registry.py first seen with mtime 1778214670.9848804
DEBUG 2026-05-08 00:03:57,847 autoreload File C:\xampp\htdocs\servidor\django-ticket\venv\Lib\site-packages\django\contrib\contenttypes\apps.py first seen with mtime 1778214673.443318
DEBUG 2026-05-08 00:03:57,847 autoreload File C:\xampp\htdocs\servidor\django-ticket\venv\Lib\site-packages\django\db\models\fields\__init__.py first seen with mtime 1778214678.8900063
DEBUG 2026-05-08 00:03:57,848 autoreload File C:\xampp\htdocs\servidor\django-ticket\venv\Lib\site-packages\django\core\__init__.py first seen with mtime 1778214678.617374
DEBUG 2026-05-08 00:03:57,848 autoreload File C:\xampp\htdocs\servidor\django-ticket\venv\Lib\site-packages\django\core\files\__init__.py first seen with mtime 1778214678.6789489
DEBUG 2026-05-08 00:03:57,848 autoreload File C:\Python314\Lib\weakref.py first seen with mtime 1764976582.0
DEBUG 2026-05-08 00:03:57,849 autoreload File C:\Python314\Lib\copy.py first seen with mtime 1764976580.0
DEBUG 2026-05-08 00:03:57,849 autoreload File C:\Python314\Lib\email\policy.py first seen with mtime 1764976580.0
DEBUG 2026-05-08 00:03:57,849 autoreload File C:\Python314\Lib\encodings\_win_cp_codecs.py first seen with mtime 1764976580.0
DEBUG 2026-05-08 00:03:57,849 autoreload File C:\xampp\htdocs\servidor\django-ticket\venv\Lib\site-packages\django\template\engine.py first seen with mtime 1778214679.0843215
DEBUG 2026-05-08 00:03:57,850 autoreload File C:\Python314\Lib\pathlib\__init__.py first seen with mtime 1764976580.0
DEBUG 2026-05-08 00:03:57,850 autoreload File C:\xampp\htdocs\servidor\django-ticket\venv\Lib\site-packages\django\utils\inspect.py first seen with mtime 1778214679.169837
DEBUG 2026-05-08 00:03:57,850 autoreload File C:\xampp\htdocs\servidor\django-ticket\venv\Lib\site-packages\django\utils\http.py first seen with mtime 1778214679.1688354
DEBUG 2026-05-08 00:03:57,851 autoreload File C:\xampp\htdocs\servidor\django-ticket\venv\Lib\site-packages\django\urls\resolvers.py first seen with mtime 1778214679.1273546
DEBUG 2026-05-08 00:03:57,851 autoreload File C:\Python314\Lib\traceback.py first seen with mtime 1764976582.0
DEBUG 2026-05-08 00:03:57,851 autoreload File C:\xampp\htdocs\servidor\django-ticket\venv\Lib\site-packages\django\db\backends\postgresql\compiler.py first seen with mtime 1778214678.8318906
DEBUG 2026-05-08 00:03:57,852 autoreload File C:\xampp\htdocs\servidor\django-ticket\venv\Lib\site-packages\django\contrib\contenttypes\fields.py first seen with mtime 1778214673.4455884
DEBUG 2026-05-08 00:03:57,852 autoreload File C:\xampp\htdocs\servidor\django-ticket\venv\Lib\site-packages\django\db\models\enums.py first seen with mtime 1778214678.8786001
DEBUG 2026-05-08 00:03:57,852 autoreload File C:\Python314\Lib\urllib\request.py first seen with mtime 1764976582.0
DEBUG 2026-05-08 00:03:57,852 autoreload File C:\xampp\htdocs\servidor\django-ticket\venv\Lib\site-packages\django\template\loaders\cached.py first seen with mtime 1778214679.0995243
DEBUG 2026-05-08 00:03:57,853 autoreload File C:\xampp\htdocs\servidor\django-ticket\venv\Lib\site-packages\django\template\defaulttags.py first seen with mtime 1778214679.083166
DEBUG 2026-05-08 00:03:57,853 autoreload File C:\Python314\DLLs\_overlapped.pyd first seen with mtime 1764976656.0
DEBUG 2026-05-08 00:03:57,853 autoreload File C:\Python314\DLLs\_hashlib.pyd first seen with mtime 1764976656.0
DEBUG 2026-05-08 00:03:57,853 autoreload File C:\xampp\htdocs\servidor\django-ticket\venv\Lib\site-packages\django\db\migrations\operations\base.py first seen with mtime 1778214678.8652306
DEBUG 2026-05-08 00:03:57,854 autoreload File C:\xampp\htdocs\servidor\django-ticket\venv\Lib\site-packages\django\utils\deprecation.py first seen with mtime 1778214679.158273
DEBUG 2026-05-08 00:03:57,854 autoreload File C:\xampp\htdocs\servidor\django-ticket\venv\Lib\site-packages\django\contrib\admin\templatetags\admin_urls.py first seen with mtime 1778214672.4801493
DEBUG 2026-05-08 00:03:57,854 autoreload File C:\Python314\Lib\re\_compiler.py first seen with mtime 1764976580.0
DEBUG 2026-05-08 00:03:57,854 autoreload File C:\Python314\Lib\bz2.py first seen with mtime 1764976580.0
DEBUG 2026-05-08 00:03:57,855 autoreload File C:\xampp\htdocs\servidor\django-ticket\venv\Lib\site-packages\django\db\models\signals.py first seen with mtime 1778214678.8877244
DEBUG 2026-05-08 00:03:57,855 autoreload File C:\Python314\Lib\lzma.py first seen with mtime 1764976580.0
DEBUG 2026-05-08 00:03:57,855 autoreload File C:\Python314\DLLs\_zoneinfo.pyd first seen with mtime 1764976656.0
DEBUG 2026-05-08 00:03:57,856 autoreload File C:\xampp\htdocs\servidor\django-ticket\venv\Lib\site-packages\django\contrib\admin\views\autocomplete.py first seen with mtime 1778214672.4852297
DEBUG 2026-05-08 00:03:57,856 autoreload File C:\Python314\Lib\asyncio\selector_events.py first seen with mtime 1764976580.0
DEBUG 2026-05-08 00:03:57,856 autoreload File C:\xampp\htdocs\servidor\django-ticket\venv\Lib\site-packages\django\core\files\utils.py first seen with mtime 1778214678.6895785
DEBUG 2026-05-08 00:03:57,857 autoreload File C:\Python314\Lib\locale.py first seen with mtime 1764976580.0
DEBUG 2026-05-08 00:03:57,857 autoreload File C:\Python314\Lib\tokenize.py first seen with mtime 1764976580.0
DEBUG 2026-05-08 00:03:57,857 autoreload File C:\xampp\htdocs\servidor\django-ticket\venv\Lib\site-packages\django\contrib\auth\password_validation.py first seen with mtime 1778214672.9435797
DEBUG 2026-05-08 00:03:57,857 autoreload File C:\Python314\Lib\_markupbase.py first seen with mtime 1764976580.0
DEBUG 2026-05-08 00:03:57,858 autoreload File C:\xampp\htdocs\servidor\django-ticket\venv\Lib\site-packages\django\contrib\admin\widgets.py first seen with mtime 1778214671.523638
DEBUG 2026-05-08 00:03:57,858 autoreload File C:\xampp\htdocs\servidor\django-ticket\venv\Lib\site-packages\django\contrib\messages\__init__.py first seen with mtime 1778214676.8960023
DEBUG 2026-05-08 00:03:57,858 autoreload File C:\xampp\htdocs\servidor\django-ticket\venv\Lib\site-packages\django\contrib\staticfiles\handlers.py first seen with mtime 1778214678.6002183
DEBUG 2026-05-08 00:03:57,859 autoreload File C:\xampp\htdocs\servidor\django-ticket\venv\Lib\site-packages\django\core\files\uploadhandler.py first seen with mtime 1778214678.6871607
DEBUG 2026-05-08 00:03:57,859 autoreload File C:\xampp\htdocs\servidor\django-ticket\venv\Lib\site-packages\sqlparse\exceptions.py first seen with mtime 1778214657.5172856
DEBUG 2026-05-08 00:03:57,859 autoreload File C:\Python314\Lib\re\__init__.py first seen with mtime 1764976580.0
DEBUG 2026-05-08 00:03:57,859 autoreload File C:\Python314\Lib\urllib\__init__.py first seen with mtime 1764976582.0
DEBUG 2026-05-08 00:03:57,859 autoreload File C:\xampp\htdocs\servidor\django-ticket\venv\Lib\site-packages\sqlparse\engine\__init__.py first seen with mtime 1778214657.5232995
DEBUG 2026-05-08 00:03:57,860 autoreload File C:\Python314\Lib\ctypes\wintypes.py first seen with mtime 1764976580.0
DEBUG 2026-05-08 00:03:57,860 autoreload File C:\xampp\htdocs\servidor\django-ticket\venv\Lib\site-packages\django\contrib\auth\admin.py first seen with mtime 1778214672.9314165
DEBUG 2026-05-08 00:03:57,860 autoreload File C:\Python314\Lib\threading.py first seen with mtime 1764976580.0
DEBUG 2026-05-08 00:03:57,861 autoreload File C:\xampp\htdocs\servidor\django-ticket\venv\Lib\site-packages\django\db\models\functions\mixins.py first seen with mtime 1778214678.9049757
DEBUG 2026-05-08 00:03:57,862 autoreload File C:\xampp\htdocs\servidor\django-ticket\venv\Lib\site-packages\django\templatetags\tz.py first seen with mtime 1778214679.1094162
DEBUG 2026-05-08 00:03:57,862 autoreload File C:\xampp\htdocs\servidor\django-ticket\venv\Lib\site-packages\django\core\signals.py first seen with mtime 1778214678.6235547
DEBUG 2026-05-08 00:03:57,862 autoreload File C:\xampp\htdocs\servidor\django-ticket\venv\Lib\site-packages\django\contrib\sessions\base_session.py first seen with mtime 1778214677.7075067
DEBUG 2026-05-08 00:03:57,862 autoreload File C:\Python314\Lib\email\header.py first seen with mtime 1764976580.0
DEBUG 2026-05-08 00:03:57,863 autoreload File C:\xampp\htdocs\servidor\django-ticket\venv\Lib\site-packages\sqlparse\tokens.py first seen with mtime 1778214657.5218372
DEBUG 2026-05-08 00:03:57,863 autoreload File C:\xampp\htdocs\servidor\django-ticket\venv\Lib\site-packages\django\http\cookie.py first seen with mtime 1778214679.047222
DEBUG 2026-05-08 00:03:57,863 autoreload File C:\Python314\Lib\zoneinfo\_common.py first seen with mtime 1764976582.0
DEBUG 2026-05-08 00:03:57,863 autoreload File C:\xampp\htdocs\servidor\django-ticket\venv\Lib\site-packages\django\shortcuts.py first seen with mtime 1778214670.9802938
DEBUG 2026-05-08 00:03:57,864 autoreload File C:\Python314\Lib\mimetypes.py first seen with mtime 1764976580.0
DEBUG 2026-05-08 00:03:57,864 autoreload File C:\Python314\Lib\dataclasses.py first seen with mtime 1764976580.0
DEBUG 2026-05-08 00:03:57,864 autoreload File C:\xampp\htdocs\servidor\django-ticket\venv\Lib\site-packages\django\db\backends\base\features.py first seen with mtime 1778214678.7842288
DEBUG 2026-05-08 00:03:57,864 autoreload File C:\Python314\Lib\http\cookies.py first seen with mtime 1764976580.0
DEBUG 2026-05-08 00:03:57,865 autoreload File C:\xampp\htdocs\servidor\django-ticket\venv\Lib\site-packages\django\template\loaders\app_directories.py first seen with mtime 1778214679.098383
DEBUG 2026-05-08 00:03:57,865 autoreload File C:\xampp\htdocs\servidor\django-ticket\venv\Lib\site-packages\django\db\models\sql\subqueries.py first seen with mtime 1778214678.9158678
DEBUG 2026-05-08 00:03:57,865 autoreload File C:\xampp\htdocs\servidor\django-ticket\venv\Lib\site-packages\django\db\migrations\operations\models.py first seen with mtime 1778214678.8672252
DEBUG 2026-05-08 00:03:57,865 autoreload File C:\Python314\Lib\socket.py first seen with mtime 1764976580.0
DEBUG 2026-05-08 00:03:57,866 autoreload File C:\xampp\htdocs\servidor\django-ticket\venv\Lib\site-packages\django\contrib\admin\templatetags\admin_list.py first seen with mtime 1778214672.4745815
DEBUG 2026-05-08 00:03:57,866 autoreload File C:\xampp\htdocs\servidor\django-ticket\venv\Lib\site-packages\django\contrib\auth\forms.py first seen with mtime 1778214672.9390712
DEBUG 2026-05-08 00:03:57,866 autoreload File C:\Python314\Lib\struct.py first seen with mtime 1764976580.0
DEBUG 2026-05-08 00:03:57,866 autoreload File C:\Python314\Lib\collections\__init__.py first seen with mtime 1764976580.0
DEBUG 2026-05-08 00:03:57,866 autoreload File C:\xampp\htdocs\servidor\django-ticket\venv\Lib\site-packages\django\core\mail\message.py first seen with mtime 1778214678.7048056
DEBUG 2026-05-08 00:03:57,867 autoreload File C:\xampp\htdocs\servidor\django-ticket\venv\Lib\site-packages\django\forms\formsets.py first seen with mtime 1778214678.9258187
DEBUG 2026-05-08 00:03:57,867 autoreload File C:\Python314\Lib\email\_header_value_parser.py first seen with mtime 1764976580.0
DEBUG 2026-05-08 00:03:57,867 autoreload File C:\Python314\Lib\asyncio\proactor_events.py first seen with mtime 1764976580.0
DEBUG 2026-05-08 00:03:57,867 autoreload File C:\xampp\htdocs\servidor\django-ticket\venv\Lib\site-packages\django\db\backends\ddl_references.py first seen with mtime 1778214678.773936
DEBUG 2026-05-08 00:03:57,868 autoreload File C:\xampp\htdocs\servidor\django-ticket\venv\Lib\site-packages\colorama\win32.py first seen with mtime 1778214662.2161853
DEBUG 2026-05-08 00:03:57,868 autoreload File C:\xampp\htdocs\servidor\django-ticket\venv\Lib\site-packages\django\template\context.py first seen with mtime 1778214679.079325
DEBUG 2026-05-08 00:03:57,868 autoreload File C:\xampp\htdocs\servidor\django-ticket\venv\Lib\site-packages\django\utils\hashable.py first seen with mtime 1778214679.16632
DEBUG 2026-05-08 00:03:57,868 autoreload File C:\Python314\Lib\re\_constants.py first seen with mtime 1764976580.0
DEBUG 2026-05-08 00:03:57,868 autoreload File C:\xampp\htdocs\servidor\django-ticket\venv\Lib\site-packages\django\db\models\utils.py first seen with mtime 1778214678.8887243
DEBUG 2026-05-08 00:03:57,869 autoreload File C:\xampp\htdocs\servidor\django-ticket\venv\Lib\site-packages\django\db\models\functions\text.py first seen with mtime 1778214678.9049757
DEBUG 2026-05-08 00:03:57,869 autoreload File C:\xampp\htdocs\servidor\django-ticket\venv\Lib\site-packages\django\utils\timezone.py first seen with mtime 1778214679.1854005
DEBUG 2026-05-08 00:03:57,869 autoreload File C:\xampp\htdocs\servidor\django-ticket\venv\Lib\site-packages\sqlparse\filters\tokens.py first seen with mtime 1778214657.5307238
DEBUG 2026-05-08 00:03:57,869 autoreload File C:\xampp\htdocs\servidor\django-ticket\venv\Lib\site-packages\django\contrib\messages\apps.py first seen with mtime 1778214676.8985498
DEBUG 2026-05-08 00:03:57,869 autoreload File C:\xampp\htdocs\servidor\django-ticket\venv\Lib\site-packages\django\dispatch\__init__.py first seen with mtime 1778214678.9184768
DEBUG 2026-05-08 00:03:57,870 autoreload File C:\xampp\htdocs\servidor\django-ticket\venv\Lib\site-packages\django\contrib\messages\constants.py first seen with mtime 1778214676.899575
DEBUG 2026-05-08 00:03:57,870 autoreload File C:\Python314\Lib\signal.py first seen with mtime 1764976580.0
DEBUG 2026-05-08 00:03:57,870 autoreload File C:\Python314\Lib\pkgutil.py first seen with mtime 1764976580.0
DEBUG 2026-05-08 00:03:57,871 autoreload File C:\Python314\Lib\wsgiref\__init__.py first seen with mtime 1764976582.0
DEBUG 2026-05-08 00:03:57,871 autoreload File C:\xampp\htdocs\servidor\django-ticket\venv\Lib\site-packages\django\db\models\fields\composite.py first seen with mtime 1778214678.8910127
DEBUG 2026-05-08 00:03:57,871 autoreload File C:\xampp\htdocs\servidor\django-ticket\venv\Lib\site-packages\django\contrib\staticfiles\apps.py first seen with mtime 1778214678.595668
DEBUG 2026-05-08 00:03:57,871 autoreload File C:\xampp\htdocs\servidor\django-ticket\venv\Lib\site-packages\django\contrib\admin\__init__.py first seen with mtime 1778214671.5058558
DEBUG 2026-05-08 00:03:57,872 autoreload File C:\Python314\Lib\urllib\error.py first seen with mtime 1764976582.0
DEBUG 2026-05-08 00:03:57,872 autoreload File C:\xampp\htdocs\servidor\django-ticket\venv\Lib\site-packages\django\contrib\staticfiles\management\commands\runserver.py first seen with mtime 1778214678.612387
DEBUG 2026-05-08 00:03:57,872 autoreload File C:\xampp\htdocs\servidor\django-ticket\venv\Lib\site-packages\django\core\checks\compatibility\__init__.py first seen with mtime 1778214678.6629124
DEBUG 2026-05-08 00:03:57,872 autoreload File C:\Python314\Lib\asyncio\trsock.py first seen with mtime 1764976580.0
DEBUG 2026-05-08 00:03:57,872 autoreload File C:\xampp\htdocs\servidor\django-ticket\venv\Lib\site-packages\django\core\handlers\wsgi.py first seen with mtime 1778214678.7018135
DEBUG 2026-05-08 00:03:57,873 autoreload File C:\xampp\htdocs\servidor\django-ticket\venv\Lib\site-packages\django\db\models\fields\tuple_lookups.py first seen with mtime 1778214678.8996344
DEBUG 2026-05-08 00:03:57,873 autoreload File C:\Python314\Lib\asyncio\subprocess.py first seen with mtime 1764976580.0
DEBUG 2026-05-08 00:03:57,873 autoreload File C:\xampp\htdocs\servidor\django-ticket\venv\Lib\site-packages\django\http\__init__.py first seen with mtime 1778214679.046213
DEBUG 2026-05-08 00:03:57,874 autoreload File C:\xampp\htdocs\servidor\django-ticket\venv\Lib\site-packages\django\template\smartif.py first seen with mtime 1778214679.090401
DEBUG 2026-05-08 00:03:57,874 autoreload File C:\xampp\htdocs\servidor\django-ticket\venv\Lib\site-packages\django\contrib\admin\actions.py first seen with mtime 1778214671.5058558
DEBUG 2026-05-08 00:03:57,874 autoreload File C:\xampp\htdocs\servidor\django-ticket\venv\Lib\site-packages\django\utils\tree.py first seen with mtime 1778214679.1864107
DEBUG 2026-05-08 00:03:57,874 autoreload File C:\Python314\Lib\inspect.py first seen with mtime 1764976580.0
DEBUG 2026-05-08 00:03:57,875 autoreload File C:\xampp\htdocs\servidor\django-ticket\venv\Lib\site-packages\django\contrib\admin\templatetags\__init__.py first seen with mtime 1778214672.4732068
DEBUG 2026-05-08 00:03:57,875 autoreload File C:\Python314\Lib\datetime.py first seen with mtime 1764976580.0
DEBUG 2026-05-08 00:03:57,875 autoreload File C:\Python314\DLLs\select.pyd first seen with mtime 1764976654.0
DEBUG 2026-05-08 00:03:57,875 autoreload File C:\xampp\htdocs\servidor\django-ticket\venv\Lib\site-packages\django\db\models\sql\where.py first seen with mtime 1778214678.9173758
DEBUG 2026-05-08 00:03:57,876 autoreload File C:\Python314\Lib\urllib\response.py first seen with mtime 1764976582.0
DEBUG 2026-05-08 00:03:57,876 autoreload File C:\xampp\htdocs\servidor\django-ticket\venv\Lib\site-packages\django\db\migrations\operations\special.py first seen with mtime 1778214678.8686924
DEBUG 2026-05-08 00:03:57,876 autoreload File C:\xampp\htdocs\servidor\django-ticket\venv\Lib\site-packages\django\db\models\functions\comparison.py first seen with mtime 1778214678.901688
DEBUG 2026-05-08 00:03:57,876 autoreload File C:\xampp\htdocs\servidor\django-ticket\venv\Lib\site-packages\django\contrib\auth\tokens.py first seen with mtime 1778214672.9458332
DEBUG 2026-05-08 00:03:57,876 autoreload File C:\Python314\DLLs\_decimal.pyd first seen with mtime 1764976658.0
DEBUG 2026-05-08 00:03:57,877 autoreload File C:\xampp\htdocs\servidor\django-ticket\venv\Lib\site-packages\django\utils\crypto.py first seen with mtime 1778214679.1455307
DEBUG 2026-05-08 00:03:57,877 autoreload File C:\xampp\htdocs\servidor\django-ticket\venv\Lib\site-packages\django\utils\regex_helper.py first seen with mtime 1778214679.1808593
DEBUG 2026-05-08 00:03:57,877 autoreload File C:\Python314\Lib\compression\zstd\__init__.py first seen with mtime 1764976580.0
DEBUG 2026-05-08 00:03:57,878 autoreload File C:\xampp\htdocs\servidor\django-ticket\venv\Lib\site-packages\django\utils\choices.py first seen with mtime 1778214679.140237
DEBUG 2026-05-08 00:03:57,878 autoreload File C:\xampp\htdocs\servidor\django-ticket\venv\Lib\site-packages\django\views\decorators\debug.py first seen with mtime 1778214679.211982
DEBUG 2026-05-08 00:03:57,878 autoreload File C:\xampp\htdocs\servidor\django-ticket\venv\Lib\site-packages\django\http\response.py first seen with mtime 1778214679.049254
DEBUG 2026-05-08 00:03:57,878 autoreload File C:\xampp\htdocs\servidor\django-ticket\venv\Lib\site-packages\django\core\checks\database.py first seen with mtime 1778214678.6471438
DEBUG 2026-05-08 00:03:57,879 autoreload File C:\xampp\htdocs\servidor\django-ticket\venv\Lib\site-packages\django\utils\datastructures.py first seen with mtime 1778214679.1475248
DEBUG 2026-05-08 00:03:57,879 autoreload File C:\xampp\htdocs\servidor\django-ticket\venv\Lib\site-packages\django\db\models\indexes.py first seen with mtime 1778214678.880632
DEBUG 2026-05-08 00:03:57,879 autoreload File C:\xampp\htdocs\servidor\django-ticket\venv\Lib\site-packages\django\db\backends\base\__init__.py first seen with mtime 1778214678.7796438
DEBUG 2026-05-08 00:03:57,879 autoreload File C:\xampp\htdocs\servidor\django-ticket\venv\Lib\site-packages\django\db\models\fields\related_descriptors.py first seen with mtime 1778214678.8964255
DEBUG 2026-05-08 00:03:57,880 autoreload File C:\xampp\htdocs\servidor\django-ticket\venv\Lib\site-packages\django\contrib\auth\models.py first seen with mtime 1778214672.942571
DEBUG 2026-05-08 00:03:57,880 autoreload File C:\xampp\htdocs\servidor\django-ticket\venv\Lib\site-packages\django\core\checks\security\__init__.py first seen with mtime 1778214678.665904
DEBUG 2026-05-08 00:03:57,880 autoreload File C:\Python314\Lib\pathlib\_os.py first seen with mtime 1764976580.0
DEBUG 2026-05-08 00:03:57,880 autoreload File C:\xampp\htdocs\servidor\django-ticket\venv\Lib\site-packages\django\utils\text.py first seen with mtime 1778214679.1843946
DEBUG 2026-05-08 00:03:57,881 autoreload File C:\Python314\Lib\asyncio\runners.py first seen with mtime 1764976580.0
DEBUG 2026-05-08 00:03:57,881 autoreload File C:\Python314\Lib\functools.py first seen with mtime 1764976580.0
DEBUG 2026-05-08 00:03:57,881 autoreload File C:\xampp\htdocs\servidor\django-ticket\venv\Lib\site-packages\django\db\models\aggregates.py first seen with mtime 1778214678.8706942
DEBUG 2026-05-08 00:03:57,881 autoreload File C:\xampp\htdocs\servidor\django-ticket\venv\Lib\site-packages\django\urls\conf.py first seen with mtime 1778214679.1234796
DEBUG 2026-05-08 00:03:57,882 autoreload File C:\xampp\htdocs\servidor\django-ticket\venv\Lib\site-packages\django\db\models\functions\math.py first seen with mtime 1778214678.9039707
DEBUG 2026-05-08 00:03:57,882 autoreload File C:\xampp\htdocs\servidor\django-ticket\venv\Lib\site-packages\django\views\__init__.py first seen with mtime 1778214679.1974158
DEBUG 2026-05-08 00:03:57,882 autoreload File C:\xampp\htdocs\servidor\django-ticket\venv\Lib\site-packages\django\utils\version.py first seen with mtime 1778214679.1879134
DEBUG 2026-05-08 00:03:57,882 autoreload File C:\Python314\Lib\pprint.py first seen with mtime 1764976580.0
DEBUG 2026-05-08 00:03:57,882 autoreload File C:\xampp\htdocs\servidor\django-ticket\venv\Lib\site-packages\django\db\backends\postgresql\introspection.py first seen with mtime 1778214678.8340125
DEBUG 2026-05-08 00:03:57,883 autoreload File C:\xampp\htdocs\servidor\django-ticket\venv\Lib\site-packages\django\contrib\admin\utils.py first seen with mtime 1778214671.5226307
DEBUG 2026-05-08 00:03:57,883 autoreload File C:\Python314\DLLs\_wmi.pyd first seen with mtime 1764976656.0
DEBUG 2026-05-08 00:03:57,883 autoreload File C:\xampp\htdocs\servidor\django-ticket\venv\Lib\site-packages\django\core\checks\__init__.py first seen with mtime 1778214678.6396506
DEBUG 2026-05-08 00:03:57,883 autoreload File C:\Python314\DLLs\_ctypes.pyd first seen with mtime 1764976658.0
DEBUG 2026-05-08 00:03:57,883 autoreload File C:\xampp\htdocs\servidor\django-ticket\venv\Lib\site-packages\django\db\models\base.py first seen with mtime 1778214678.87209
DEBUG 2026-05-08 00:03:57,884 autoreload File C:\Python314\Lib\asyncio\taskgroups.py first seen with mtime 1764976580.0
DEBUG 2026-05-08 00:03:57,884 autoreload File C:\xampp\htdocs\servidor\django-ticket\venv\Lib\site-packages\django\urls\utils.py first seen with mtime 1778214679.1293697
DEBUG 2026-05-08 00:03:57,884 autoreload File C:\xampp\htdocs\servidor\django-ticket\venv\Lib\site-packages\django\db\models\functions\window.py first seen with mtime 1778214678.9085128
DEBUG 2026-05-08 00:03:57,884 autoreload File C:\xampp\htdocs\servidor\django-ticket\venv\Lib\site-packages\django\db\utils.py first seen with mtime 1778214678.7709236
DEBUG 2026-05-08 00:03:57,884 autoreload File C:\xampp\htdocs\servidor\django-ticket\venv\Lib\site-packages\django\utils\dates.py first seen with mtime 1778214679.1524875
DEBUG 2026-05-08 00:03:57,885 autoreload File C:\xampp\htdocs\servidor\django-ticket\venv\Lib\site-packages\django\core\checks\compatibility\django_4_0.py first seen with mtime 1778214678.6649072
DEBUG 2026-05-08 00:03:57,885 autoreload File C:\Python314\Lib\dis.py first seen with mtime 1764976580.0
DEBUG 2026-05-08 00:03:57,885 autoreload File C:\xampp\htdocs\servidor\django-ticket\venv\Lib\site-packages\django\db\backends\postgresql\base.py first seen with mtime 1778214678.8298738
DEBUG 2026-05-08 00:03:57,885 autoreload File C:\Python314\Lib\asyncio\protocols.py first seen with mtime 1764976580.0
DEBUG 2026-05-08 00:03:57,886 autoreload File C:\xampp\htdocs\servidor\django-ticket\venv\Lib\site-packages\django\db\migrations\__init__.py first seen with mtime 1778214678.8481593
DEBUG 2026-05-08 00:03:57,886 autoreload File C:\Python314\Lib\importlib\_abc.py first seen with mtime 1764976580.0
DEBUG 2026-05-08 00:03:57,886 autoreload File C:\xampp\htdocs\servidor\django-ticket\venv\Lib\site-packages\django\templatetags\__init__.py first seen with mtime 1778214679.1029158
DEBUG 2026-05-08 00:03:57,886 autoreload File C:\xampp\htdocs\servidor\django-ticket\venv\Lib\site-packages\django\contrib\admin\sites.py first seen with mtime 1778214671.5195887
DEBUG 2026-05-08 00:03:57,886 autoreload File C:\xampp\htdocs\servidor\django-ticket\venv\Lib\site-packages\django\utils\dateformat.py first seen with mtime 1778214679.1490426
DEBUG 2026-05-08 00:03:57,887 autoreload File C:\Python314\Lib\html\parser.py first seen with mtime 1764976580.0
DEBUG 2026-05-08 00:03:57,887 autoreload File C:\Python314\Lib\concurrent\futures\thread.py first seen with mtime 1764976580.0
DEBUG 2026-05-08 00:03:57,887 autoreload File C:\xampp\htdocs\servidor\django-ticket\venv\Lib\site-packages\django\core\mail\utils.py first seen with mtime 1778214678.7063122
DEBUG 2026-05-08 00:03:57,887 autoreload File C:\Python314\Lib\asyncio\tasks.py first seen with mtime 1764976580.0
DEBUG 2026-05-08 00:03:57,888 autoreload File C:\xampp\htdocs\servidor\django-ticket\venv\Lib\site-packages\django\contrib\sites\requests.py first seen with mtime 1778214678.1826599
DEBUG 2026-05-08 00:03:57,888 autoreload File C:\Python314\Lib\asyncio\__init__.py first seen with mtime 1764976580.0
DEBUG 2026-05-08 00:03:57,888 autoreload File C:\xampp\htdocs\servidor\django-ticket\venv\Lib\site-packages\sqlparse\cli.py first seen with mtime 1778214657.5172856
DEBUG 2026-05-08 00:03:57,888 autoreload File C:\Python314\Lib\wsgiref\util.py first seen with mtime 1764976582.0
DEBUG 2026-05-08 00:03:57,888 autoreload File C:\xampp\htdocs\servidor\django-ticket\venv\Lib\site-packages\django\db\backends\postgresql\schema.py first seen with mtime 1778214678.8360426
DEBUG 2026-05-08 00:03:57,889 autoreload File C:\xampp\htdocs\servidor\django-ticket\venv\Lib\site-packages\django\template\loaders\__init__.py first seen with mtime 1778214679.0972886
DEBUG 2026-05-08 00:03:57,889 autoreload File C:\xampp\htdocs\servidor\django-ticket\venv\Lib\site-packages\django\core\handlers\base.py first seen with mtime 1778214678.6996114
DEBUG 2026-05-08 00:03:57,889 autoreload File C:\Python314\Lib\decimal.py first seen with mtime 1764976580.0
DEBUG 2026-05-08 00:03:57,889 autoreload File C:\Python314\Lib\asyncio\base_subprocess.py first seen with mtime 1764976580.0
DEBUG 2026-05-08 00:03:57,890 autoreload File C:\Python314\Lib\ctypes\__init__.py first seen with mtime 1764976580.0
DEBUG 2026-05-08 00:03:57,890 autoreload File C:\Python314\Lib\shutil.py first seen with mtime 1764976580.0
DEBUG 2026-05-08 00:03:57,890 autoreload File C:\xampp\htdocs\servidor\django-ticket\venv\Lib\site-packages\django\contrib\staticfiles\storage.py first seen with mtime 1778214678.6012144
DEBUG 2026-05-08 00:03:57,890 autoreload File C:\xampp\htdocs\servidor\django-ticket\venv\Lib\site-packages\asgiref\local.py first seen with mtime 1778214662.52487
DEBUG 2026-05-08 00:03:57,891 autoreload File C:\xampp\htdocs\servidor\django-ticket\venv\Lib\site-packages\django\core\checks\files.py first seen with mtime 1778214678.6481638
DEBUG 2026-05-08 00:03:57,891 autoreload File C:\xampp\htdocs\servidor\django-ticket\venv\Lib\site-packages\django\db\models\manager.py first seen with mtime 1778214678.8821425
DEBUG 2026-05-08 00:03:57,891 autoreload File C:\xampp\htdocs\servidor\django-ticket\venv\Lib\site-packages\django\core\handlers\exception.py first seen with mtime 1778214678.7006092
DEBUG 2026-05-08 00:03:57,892 autoreload File C:\Python314\Lib\_weakrefset.py first seen with mtime 1764976580.0
DEBUG 2026-05-08 00:03:57,892 autoreload File C:\xampp\htdocs\servidor\django-ticket\venv\Lib\site-packages\django\contrib\admin\options.py first seen with mtime 1778214671.5182629
DEBUG 2026-05-08 00:03:57,892 autoreload File C:\Python314\DLLs\_lzma.pyd first seen with mtime 1764976658.0
DEBUG 2026-05-08 00:03:57,893 autoreload File C:\xampp\htdocs\servidor\django-ticket\venv\Lib\site-packages\django\contrib\auth\decorators.py first seen with mtime 1778214672.9380672
DEBUG 2026-05-08 00:03:57,893 autoreload File C:\xampp\htdocs\servidor\django-ticket\venv\Lib\site-packages\django\db\models\deletion.py first seen with mtime 1778214678.877595
DEBUG 2026-05-08 00:03:57,893 autoreload File C:\xampp\htdocs\servidor\django-ticket\venv\Lib\site-packages\sqlparse\__init__.py first seen with mtime 1778214657.5157788
DEBUG 2026-05-08 00:03:57,893 autoreload File C:\xampp\htdocs\servidor\django-ticket\venv\Lib\site-packages\django\forms\renderers.py first seen with mtime 1778214678.927328
DEBUG 2026-05-08 00:03:57,894 autoreload File C:\xampp\htdocs\servidor\django-ticket\venv\Lib\site-packages\django\core\management\base.py first seen with mtime 1778214678.7216282
DEBUG 2026-05-08 00:03:57,894 autoreload File C:\xampp\htdocs\servidor\django-ticket\venv\Lib\site-packages\whitenoise\string_utils.py first seen with mtime 1778214656.7873025
DEBUG 2026-05-08 00:03:57,895 autoreload File C:\xampp\htdocs\servidor\django-ticket\venv\Lib\site-packages\django\contrib\admin\exceptions.py first seen with mtime 1778214671.5106337
DEBUG 2026-05-08 00:03:57,895 autoreload File C:\xampp\htdocs\servidor\django-ticket\venv\Lib\site-packages\psycopg2\sql.py first seen with mtime 1778214660.775869
DEBUG 2026-05-08 00:03:57,895 autoreload File C:\xampp\htdocs\servidor\django-ticket\venv\Lib\site-packages\sqlparse\filters\reindent.py first seen with mtime 1778214657.5283146
DEBUG 2026-05-08 00:03:57,895 autoreload File C:\xampp\htdocs\servidor\django-ticket\venv\Lib\site-packages\whitenoise\media_types.py first seen with mtime 1778214656.7841418
DEBUG 2026-05-08 00:03:57,896 autoreload File C:\Python314\Lib\platform.py first seen with mtime 1764976580.0
DEBUG 2026-05-08 00:03:57,896 autoreload File C:\xampp\htdocs\servidor\django-ticket\venv\Lib\site-packages\django\core\serializers\base.py first seen with mtime 1778214678.7627773
DEBUG 2026-05-08 00:03:57,897 autoreload File C:\Python314\Lib\base64.py first seen with mtime 1764976580.0
DEBUG 2026-05-08 00:03:57,897 autoreload File C:\xampp\htdocs\servidor\django-ticket\venv\Lib\site-packages\django\core\validators.py first seen with mtime 1778214678.6255486
DEBUG 2026-05-08 00:03:57,897 autoreload File C:\xampp\htdocs\servidor\django-ticket\venv\Lib\site-packages\django\db\models\functions\json.py first seen with mtime 1778214678.9029653
DEBUG 2026-05-08 00:03:57,898 autoreload File C:\xampp\htdocs\servidor\django-ticket\venv\Lib\site-packages\django\core\management\__init__.py first seen with mtime 1778214678.719633
DEBUG 2026-05-08 00:03:57,898 autoreload File C:\xampp\htdocs\servidor\django-ticket\venv\Lib\site-packages\django\contrib\staticfiles\views.py first seen with mtime 1778214678.60463
DEBUG 2026-05-08 00:03:57,898 autoreload File C:\xampp\htdocs\servidor\django-ticket\venv\Lib\site-packages\drf_spectacular\__init__.py first seen with mtime 1778214687.1173534
DEBUG 2026-05-08 00:03:57,898 autoreload File C:\xampp\htdocs\servidor\django-ticket\venv\Lib\site-packages\django\http\multipartparser.py first seen with mtime 1778214679.0482464
DEBUG 2026-05-08 00:03:57,899 autoreload File C:\xampp\htdocs\servidor\django-ticket\venv\Lib\site-packages\django\core\paginator.py first seen with mtime 1778214678.6224537
DEBUG 2026-05-08 00:03:57,899 autoreload File C:\xampp\htdocs\servidor\django-ticket\venv\Lib\site-packages\corsheaders\checks.py first seen with mtime 1778214686.503598
DEBUG 2026-05-08 00:03:57,899 autoreload File C:\xampp\htdocs\servidor\django-ticket\venv\Lib\site-packages\django\db\migrations\utils.py first seen with mtime 1778214678.861234
DEBUG 2026-05-08 00:03:57,899 autoreload File C:\Python314\Lib\asyncio\mixins.py first seen with mtime 1764976580.0
DEBUG 2026-05-08 00:03:57,900 autoreload File C:\Python314\Lib\asyncio\exceptions.py first seen with mtime 1764976580.0
DEBUG 2026-05-08 00:03:57,900 autoreload File C:\xampp\htdocs\servidor\django-ticket\venv\Lib\site-packages\django\forms\widgets.py first seen with mtime 1778214678.929361
DEBUG 2026-05-08 00:03:57,900 autoreload File C:\xampp\htdocs\servidor\django-ticket\venv\Lib\site-packages\django\core\handlers\__init__.py first seen with mtime 1778214678.6975722
DEBUG 2026-05-08 00:03:57,900 autoreload File C:\xampp\htdocs\servidor\django-ticket\venv\Lib\site-packages\django\core\checks\security\sessions.py first seen with mtime 1778214678.676074
DEBUG 2026-05-08 00:03:57,901 autoreload File C:\Python314\Lib\email\headerregistry.py first seen with mtime 1764976580.0
DEBUG 2026-05-08 00:03:57,901 autoreload File C:\xampp\htdocs\servidor\django-ticket\venv\Lib\site-packages\django\contrib\auth\templatetags\__init__.py first seen with mtime 1778214673.4389267
DEBUG 2026-05-08 00:03:57,901 autoreload File C:\Python314\Lib\annotationlib.py first seen with mtime 1764976580.0
DEBUG 2026-05-08 00:03:57,902 autoreload File C:\Python314\Lib\asyncio\locks.py first seen with mtime 1764976580.0
DEBUG 2026-05-08 00:03:57,902 autoreload File C:\Python314\Lib\contextlib.py first seen with mtime 1764976580.0
DEBUG 2026-05-08 00:03:57,902 autoreload File C:\xampp\htdocs\servidor\django-ticket\venv\Lib\site-packages\django\contrib\admin\apps.py first seen with mtime 1778214671.5073664
DEBUG 2026-05-08 00:03:57,902 autoreload File C:\Python314\Lib\__future__.py first seen with mtime 1764976580.0
DEBUG 2026-05-08 00:03:57,903 autoreload File C:\Python314\Lib\asyncio\threads.py first seen with mtime 1764976580.0
DEBUG 2026-05-08 00:03:57,903 autoreload File C:\Python314\Lib\hashlib.py first seen with mtime 1764976580.0
DEBUG 2026-05-08 00:03:57,903 autoreload File C:\Python314\Lib\compression\__init__.py first seen with mtime 1764976580.0
DEBUG 2026-05-08 00:03:57,903 autoreload File C:\xampp\htdocs\servidor\django-ticket\venv\Lib\site-packages\django\conf\locale\__init__.py first seen with mtime 1778214670.9949949
DEBUG 2026-05-08 00:03:57,903 autoreload File C:\xampp\htdocs\servidor\django-ticket\venv\Lib\site-packages\sqlparse\filters\output.py first seen with mtime 1778214657.5283146
DEBUG 2026-05-08 00:03:57,904 autoreload File C:\xampp\htdocs\servidor\django-ticket\venv\Lib\site-packages\django\core\checks\registry.py first seen with mtime 1778214678.6531513
DEBUG 2026-05-08 00:03:57,904 autoreload File C:\xampp\htdocs\servidor\django-ticket\venv\Lib\site-packages\django\template\__init__.py first seen with mtime 1778214679.0709376
DEBUG 2026-05-08 00:03:57,904 autoreload File C:\xampp\htdocs\servidor\django-ticket\venv\Lib\site-packages\django\contrib\auth\validators.py first seen with mtime 1778214672.947342
DEBUG 2026-05-08 00:03:57,905 autoreload File C:\xampp\htdocs\servidor\django-ticket\venv\Lib\site-packages\psycopg2\_range.py first seen with mtime 1778214660.833975
DEBUG 2026-05-08 00:03:57,905 autoreload File C:\Python314\Lib\quopri.py first seen with mtime 1764976580.0
DEBUG 2026-05-08 00:03:57,905 autoreload File C:\Python314\Lib\selectors.py first seen with mtime 1764976580.0
DEBUG 2026-05-08 00:03:57,905 autoreload File C:\xampp\htdocs\servidor\django-ticket\venv\Lib\site-packages\django\db\backends\postgresql\features.py first seen with mtime 1778214678.8329828
DEBUG 2026-05-08 00:03:57,906 autoreload File C:\xampp\htdocs\servidor\django-ticket\venv\Lib\site-packages\django\db\backends\__init__.py first seen with mtime 1778214678.7719207
DEBUG 2026-05-08 00:03:57,906 autoreload File C:\xampp\htdocs\servidor\django-ticket\venv\Lib\site-packages\django\utils\timesince.py first seen with mtime 1778214679.1854005
DEBUG 2026-05-08 00:03:57,906 autoreload File C:\Python314\Lib\html\__init__.py first seen with mtime 1764976580.0
DEBUG 2026-05-08 00:03:57,907 autoreload File C:\Python314\Lib\pickle.py first seen with mtime 1764976580.0
DEBUG 2026-05-08 00:03:57,907 autoreload File C:\xampp\htdocs\servidor\django-ticket\venv\Lib\site-packages\django\utils\formats.py first seen with mtime 1778214679.1633306
DEBUG 2026-05-08 00:03:57,907 autoreload File C:\xampp\htdocs\servidor\django-ticket\venv\Lib\site-packages\sqlparse\sql.py first seen with mtime 1778214657.5218372
DEBUG 2026-05-08 00:03:57,908 autoreload File C:\xampp\htdocs\servidor\django-ticket\venv\Lib\site-packages\asgiref\__init__.py first seen with mtime 1778214662.521695
DEBUG 2026-05-08 00:03:57,908 autoreload File C:\xampp\htdocs\servidor\django-ticket\venv\Lib\site-packages\django\contrib\contenttypes\admin.py first seen with mtime 1778214673.4422774
DEBUG 2026-05-08 00:03:57,908 autoreload File C:\Python314\Lib\html\entities.py first seen with mtime 1764976580.0
DEBUG 2026-05-08 00:03:57,908 autoreload File C:\xampp\htdocs\servidor\django-ticket\venv\Lib\site-packages\django\utils\connection.py first seen with mtime 1778214679.1432297
DEBUG 2026-05-08 00:03:57,909 autoreload File C:\xampp\htdocs\servidor\django-ticket\venv\Lib\site-packages\django\db\models\lookups.py first seen with mtime 1778214678.880632
DEBUG 2026-05-08 00:03:57,909 autoreload File C:\xampp\htdocs\servidor\django-ticket\venv\Lib\site-packages\django\db\models\sql\query.py first seen with mtime 1778214678.9158678
DEBUG 2026-05-08 00:03:57,909 autoreload File C:\xampp\htdocs\servidor\django-ticket\venv\Lib\site-packages\whitenoise\middleware.py first seen with mtime 1778214656.7852988
DEBUG 2026-05-08 00:03:57,910 autoreload File C:\xampp\htdocs\servidor\django-ticket\venv\Lib\site-packages\django\contrib\admin\models.py first seen with mtime 1778214671.5157385
DEBUG 2026-05-08 00:03:57,910 autoreload File C:\xampp\htdocs\servidor\django-ticket\venv\Lib\site-packages\sqlparse\lexer.py first seen with mtime 1778214657.5196753
DEBUG 2026-05-08 00:03:57,910 autoreload File C:\Python314\Lib\string\__init__.py first seen with mtime 1764976580.0
DEBUG 2026-05-08 00:03:57,910 autoreload File C:\xampp\htdocs\servidor\django-ticket\venv\Lib\site-packages\sqlparse\filters\aligned_indent.py first seen with mtime 1778214657.525796
DEBUG 2026-05-08 00:03:57,911 autoreload File C:\xampp\htdocs\servidor\django-ticket\venv\Lib\site-packages\django\db\models\functions\__init__.py first seen with mtime 1778214678.900643
DEBUG 2026-05-08 00:03:57,912 autoreload File C:\xampp\htdocs\servidor\django-ticket\venv\Lib\site-packages\django\template\loaders\filesystem.py first seen with mtime 1778214679.1005485
DEBUG 2026-05-08 00:03:57,912 autoreload File C:\xampp\htdocs\servidor\django-ticket\venv\Lib\site-packages\django\utils\log.py first seen with mtime 1778214679.1758213
DEBUG 2026-05-08 00:03:57,912 autoreload File C:\xampp\htdocs\servidor\django-ticket\venv\Lib\site-packages\django\contrib\auth\templatetags\auth.py first seen with mtime 1778214673.439927
DEBUG 2026-05-08 00:03:57,913 autoreload File C:\xampp\htdocs\servidor\django-ticket\venv\Lib\site-packages\django\contrib\messages\api.py first seen with mtime 1778214676.89751
DEBUG 2026-05-08 00:03:57,913 autoreload File C:\Python314\Lib\email\base64mime.py first seen with mtime 1764976580.0
DEBUG 2026-05-08 00:03:57,913 autoreload File C:\xampp\htdocs\servidor\django-ticket\venv\Lib\site-packages\django\utils\numberformat.py first seen with mtime 1778214679.1808593
DEBUG 2026-05-08 00:03:57,914 autoreload File C:\xampp\htdocs\servidor\django-ticket\venv\Lib\site-packages\django\views\i18n.py first seen with mtime 1778214679.202482
DEBUG 2026-05-08 00:03:57,914 autoreload File C:\xampp\htdocs\servidor\django-ticket\venv\Lib\site-packages\drf_spectacular\templates\drf_spectacular first seen with mtime 1778214687.1608903
DEBUG 2026-05-08 00:03:57,915 autoreload File C:\xampp\htdocs\servidor\django-ticket\venv\Lib\site-packages\drf_spectacular\templates\drf_spectacular\redoc.html first seen with mtime 1778214687.1588926
DEBUG 2026-05-08 00:03:57,915 autoreload File C:\xampp\htdocs\servidor\django-ticket\venv\Lib\site-packages\drf_spectacular\templates\drf_spectacular\swagger_ui.html first seen with mtime 1778214687.159894
DEBUG 2026-05-08 00:03:57,915 autoreload File C:\xampp\htdocs\servidor\django-ticket\venv\Lib\site-packages\drf_spectacular\templates\drf_spectacular\swagger_ui.js first seen with mtime 1778214687.1608903
DEBUG 2026-05-08 00:03:59,094 autoreload File C:\xampp\htdocs\servidor\django-ticket\venv\Lib\site-packages\django\db\migrations\graph.py first seen with mtime 1778214678.8534255
DEBUG 2026-05-08 00:03:59,096 autoreload File C:\xampp\htdocs\servidor\django-ticket\venv\Lib\site-packages\django\views\defaults.py first seen with mtime 1778214679.2014775
DEBUG 2026-05-08 00:03:59,097 autoreload File C:\xampp\htdocs\servidor\django-ticket\venv\Lib\site-packages\django\contrib\auth\migrations\0001_initial.py first seen with mtime 1778214673.4242742
DEBUG 2026-05-08 00:03:59,097 autoreload File C:\xampp\htdocs\servidor\django-ticket\venv\Lib\site-packages\django\db\migrations\executor.py first seen with mtime 1778214678.8520987
DEBUG 2026-05-08 00:03:59,098 autoreload File C:\xampp\htdocs\servidor\django-ticket\venv\Lib\site-packages\django\contrib\auth\migrations\0004_alter_user_username_opts.py first seen with mtime 1778214673.4271214
DEBUG 2026-05-08 00:03:59,100 autoreload File C:\xampp\htdocs\servidor\django-ticket\venv\Lib\site-packages\django\views\csrf.py first seen with mtime 1778214679.1984513
DEBUG 2026-05-08 00:03:59,101 autoreload File C:\xampp\htdocs\servidor\django-ticket\venv\Lib\site-packages\django\core\management\utils.py first seen with mtime 1778214678.726296
DEBUG 2026-05-08 00:03:59,102 autoreload File C:\xampp\htdocs\servidor\django-ticket\venv\Lib\site-packages\corsheaders\middleware.py first seen with mtime 1778214686.5071237
DEBUG 2026-05-08 00:03:59,102 autoreload File C:\xampp\htdocs\servidor\django-ticket\venv\Lib\site-packages\corsheaders\signals.py first seen with mtime 1778214686.5091496
DEBUG 2026-05-08 00:03:59,103 autoreload File C:\xampp\htdocs\servidor\django-ticket\venv\Lib\site-packages\django\middleware\common.py first seen with mtime 1778214679.0532897
DEBUG 2026-05-08 00:03:59,103 autoreload File C:\xampp\htdocs\servidor\django-ticket\venv\Lib\site-packages\django\contrib\auth\migrations\0002_alter_permission_name_max_length.py first seen with mtime 1778214673.4252715
DEBUG 2026-05-08 00:03:59,104 autoreload File C:\xampp\htdocs\servidor\django-ticket\venv\Lib\site-packages\django\db\migrations\serializer.py first seen with mtime 1778214678.8592105
DEBUG 2026-05-08 00:03:59,105 autoreload File C:\xampp\htdocs\servidor\django-ticket\venv\Lib\site-packages\django\contrib\sessions\backends\db.py first seen with mtime 1778214677.7187643
DEBUG 2026-05-08 00:03:59,105 autoreload File C:\xampp\htdocs\servidor\django-ticket\venv\Lib\site-packages\django\contrib\auth\migrations\0008_alter_user_username_max_length.py first seen with mtime 1778214673.4302728
DEBUG 2026-05-08 00:03:59,106 autoreload File C:\xampp\htdocs\servidor\django-ticket\venv\Lib\site-packages\django\contrib\sessions\backends\__init__.py first seen with mtime 1778214677.7142494
DEBUG 2026-05-08 00:03:59,107 autoreload File C:\xampp\htdocs\servidor\django-ticket\django_ticket\wsgi.py first seen with mtime 1778214738.249731
DEBUG 2026-05-08 00:03:59,108 autoreload File C:\xampp\htdocs\servidor\django-ticket\venv\Lib\site-packages\django\contrib\auth\migrations\0009_alter_user_last_name_max_length.py first seen with mtime 1778214673.431279
DEBUG 2026-05-08 00:03:59,109 autoreload File C:\xampp\htdocs\servidor\django-ticket\venv\Lib\site-packages\django\db\migrations\writer.py first seen with mtime 1778214678.8622386
DEBUG 2026-05-08 00:03:59,109 autoreload File C:\xampp\htdocs\servidor\django-ticket\venv\Lib\site-packages\django\db\migrations\recorder.py first seen with mtime 1778214678.8582072
DEBUG 2026-05-08 00:03:59,109 autoreload File C:\xampp\htdocs\servidor\django-ticket\venv\Lib\site-packages\django\contrib\auth\migrations\0005_alter_user_last_login_null.py first seen with mtime 1778214673.4281383
DEBUG 2026-05-08 00:03:59,110 autoreload File C:\xampp\htdocs\servidor\django-ticket\venv\Lib\site-packages\django\db\migrations\loader.py first seen with mtime 1778214678.8534255
DEBUG 2026-05-08 00:03:59,110 autoreload File C:\xampp\htdocs\servidor\django-ticket\venv\Lib\site-packages\django\contrib\auth\migrations\0006_require_contenttypes_0002.py first seen with mtime 1778214673.4281383
DEBUG 2026-05-08 00:03:59,110 autoreload File C:\xampp\htdocs\servidor\django-ticket\venv\Lib\site-packages\django\contrib\contenttypes\migrations\__init__.py first seen with mtime 1778214674.0321429
DEBUG 2026-05-08 00:03:59,112 autoreload File C:\xampp\htdocs\servidor\django-ticket\venv\Lib\site-packages\django\contrib\contenttypes\migrations\0002_remove_content_type_name.py first seen with mtime 1778214674.0311453
DEBUG 2026-05-08 00:03:59,112 autoreload File C:\xampp\htdocs\servidor\django-ticket\venv\Lib\site-packages\django\core\management\commands\makemigrations.py first seen with mtime 1778214678.7449932
DEBUG 2026-05-08 00:03:59,113 autoreload File C:\xampp\htdocs\servidor\django-ticket\venv\Lib\site-packages\django\core\cache\backends\locmem.py first seen with mtime 1778214678.635145
DEBUG 2026-05-08 00:03:59,114 autoreload File C:\Python314\Lib\encodings\idna.py first seen with mtime 1764976580.0
DEBUG 2026-05-08 00:03:59,114 autoreload File C:\xampp\htdocs\servidor\django-ticket\venv\Lib\site-packages\django\contrib\admin\migrations\__init__.py first seen with mtime 1778214672.1848326
DEBUG 2026-05-08 00:03:59,115 autoreload File C:\xampp\htdocs\servidor\django-ticket\venv\Lib\site-packages\django\conf\urls\__init__.py first seen with mtime 1778214671.4995363
DEBUG 2026-05-08 00:03:59,117 autoreload File C:\xampp\htdocs\servidor\django-ticket\venv\Lib\site-packages\django\contrib\sessions\middleware.py first seen with mtime 1778214677.7110147
DEBUG 2026-05-08 00:03:59,118 autoreload File C:\xampp\htdocs\servidor\django-ticket\venv\Lib\site-packages\django\core\management\sql.py first seen with mtime 1778214678.7236226
DEBUG 2026-05-08 00:03:59,119 autoreload File C:\xampp\htdocs\servidor\django-ticket\venv\Lib\site-packages\django\middleware\clickjacking.py first seen with mtime 1778214679.0522816
DEBUG 2026-05-08 00:03:59,119 autoreload File C:\xampp\htdocs\servidor\django-ticket\venv\Lib\site-packages\django\contrib\auth\migrations\0010_alter_group_name_max_length.py first seen with mtime 1778214673.4322834
DEBUG 2026-05-08 00:03:59,120 autoreload File C:\xampp\htdocs\servidor\django-ticket\venv\Lib\site-packages\django\contrib\auth\migrations\0003_alter_user_email_max_length.py first seen with mtime 1778214673.4252715
DEBUG 2026-05-08 00:03:59,123 autoreload File C:\xampp\htdocs\servidor\django-ticket\venv\Lib\site-packages\django\contrib\auth\migrations\0012_alter_user_first_name_max_length.py first seen with mtime 1778214673.4342911
DEBUG 2026-05-08 00:03:59,124 autoreload File C:\xampp\htdocs\servidor\django-ticket\venv\Lib\site-packages\django\db\migrations\optimizer.py first seen with mtime 1778214678.8571758
DEBUG 2026-05-08 00:03:59,126 autoreload File C:\xampp\htdocs\servidor\django-ticket\venv\Lib\site-packages\django\contrib\auth\migrations\__init__.py first seen with mtime 1778214673.4342911
DEBUG 2026-05-08 00:03:59,127 autoreload File C:\xampp\htdocs\servidor\django-ticket\venv\Lib\site-packages\django\core\management\commands\migrate.py first seen with mtime 1778214678.7459912
DEBUG 2026-05-08 00:03:59,128 autoreload File C:\xampp\htdocs\servidor\django-ticket\venv\Lib\site-packages\django\db\migrations\questioner.py first seen with mtime 1778214678.8582072
DEBUG 2026-05-08 00:03:59,129 autoreload File C:\xampp\htdocs\servidor\django-ticket\venv\Lib\site-packages\django\contrib\contenttypes\migrations\0001_initial.py first seen with mtime 1778214674.0301495
DEBUG 2026-05-08 00:03:59,130 autoreload File C:\xampp\htdocs\servidor\django-ticket\venv\Lib\site-packages\django\contrib\auth\migrations\0007_alter_validators_add_error_messages.py first seen with mtime 1778214673.429143
DEBUG 2026-05-08 00:03:59,130 autoreload File C:\xampp\htdocs\servidor\django-ticket\venv\Lib\site-packages\django\contrib\sessions\exceptions.py first seen with mtime 1778214677.7090151
DEBUG 2026-05-08 00:03:59,131 autoreload File C:\Python314\Lib\stringprep.py first seen with mtime 1764976580.0
DEBUG 2026-05-08 00:03:59,132 autoreload File C:\xampp\htdocs\servidor\django-ticket\venv\Lib\site-packages\django\contrib\sessions\backends\base.py first seen with mtime 1778214677.7152598
DEBUG 2026-05-08 00:03:59,132 autoreload File C:\xampp\htdocs\servidor\django-ticket\venv\Lib\site-packages\django\contrib\admin\migrations\0003_logentry_add_action_flag_choices.py first seen with mtime 1778214672.1835902
DEBUG 2026-05-08 00:03:59,134 autoreload File C:\xampp\htdocs\servidor\django-ticket\venv\Lib\site-packages\django\db\migrations\autodetector.py first seen with mtime 1778214678.8496351
DEBUG 2026-05-08 00:03:59,134 autoreload File C:\xampp\htdocs\servidor\django-ticket\venv\Lib\site-packages\django\contrib\messages\middleware.py first seen with mtime 1778214676.9027593
DEBUG 2026-05-08 00:03:59,135 autoreload File C:\xampp\htdocs\servidor\django-ticket\venv\Lib\site-packages\django\contrib\admin\migrations\0002_logentry_remove_auto_add.py first seen with mtime 1778214672.1825926
DEBUG 2026-05-08 00:03:59,137 autoreload File C:\xampp\htdocs\servidor\django-ticket\venv\Lib\site-packages\django\contrib\sessions\migrations\__init__.py first seen with mtime 1778214678.1580954
DEBUG 2026-05-08 00:03:59,137 autoreload File C:\xampp\htdocs\servidor\django-ticket\venv\Lib\site-packages\django\contrib\auth\migrations\0011_update_proxy_permissions.py first seen with mtime 1778214673.4332879
DEBUG 2026-05-08 00:03:59,137 autoreload File C:\xampp\htdocs\servidor\django-ticket\venv\Lib\site-packages\django\contrib\sessions\migrations\0001_initial.py first seen with mtime 1778214678.1565871
DEBUG 2026-05-08 00:03:59,138 autoreload File C:\xampp\htdocs\servidor\django-ticket\venv\Lib\site-packages\django\contrib\admin\migrations\0001_initial.py first seen with mtime 1778214672.1815965
INFO 2026-05-08 00:04:27,894 log "GET /admin/login/?next=/admin/ HTTP/1.1" 200 4080
INFO 2026-05-08 00:04:27,995 log "GET /static/admin/css/base.css HTTP/1.1" 304 0
INFO 2026-05-08 00:04:28,003 log "GET /static/admin/css/nav_sidebar.css HTTP/1.1" 304 0
INFO 2026-05-08 00:04:28,003 log "GET /static/admin/css/dark_mode.css HTTP/1.1" 304 0
INFO 2026-05-08 00:04:28,004 log "GET /static/admin/js/theme.js HTTP/1.1" 304 0
INFO 2026-05-08 00:04:28,006 log "GET /static/admin/css/login.css HTTP/1.1" 304 0
INFO 2026-05-08 00:04:28,010 log "GET /static/admin/css/responsive.css HTTP/1.1" 304 0
INFO 2026-05-08 00:04:28,024 log "GET /static/admin/js/nav_sidebar.js HTTP/1.1" 304 0
DEBUG 2026-05-08 00:04:28,342 autoreload File C:\xampp\htdocs\servidor\django-ticket\venv\Lib\site-packages\django\middleware\csp.py first seen with mtime 1778214679.0543823
DEBUG 2026-05-08 00:04:28,342 autoreload File C:\Python314\Lib\zipfile\_path\glob.py first seen with mtime 1764976582.0
DEBUG 2026-05-08 00:04:28,343 autoreload File C:\xampp\htdocs\servidor\django-ticket\venv\Lib\site-packages\django\utils\csp.py first seen with mtime 1778214679.1465275
DEBUG 2026-05-08 00:04:28,344 autoreload File C:\Python314\Lib\importlib\resources\_functional.py first seen with mtime 1764976580.0
DEBUG 2026-05-08 00:04:28,351 autoreload File C:\Python314\Lib\importlib\resources\_itertools.py first seen with mtime 1764976580.0
DEBUG 2026-05-08 00:04:28,355 autoreload File C:\Python314\Lib\importlib\readers.py first seen with mtime 1764976580.0
DEBUG 2026-05-08 00:04:28,356 autoreload File C:\Python314\Lib\importlib\resources\abc.py first seen with mtime 1764976580.0
DEBUG 2026-05-08 00:04:28,357 autoreload File C:\xampp\htdocs\servidor\django-ticket\venv\Lib\site-packages\django\conf\locale\en\__init__.py first seen with mtime 1778214671.085432
DEBUG 2026-05-08 00:04:28,360 autoreload File C:\xampp\htdocs\servidor\django-ticket\venv\Lib\site-packages\django\contrib\messages\context_processors.py first seen with mtime 1778214676.9016745
DEBUG 2026-05-08 00:04:28,362 autoreload File C:\xampp\htdocs\servidor\django-ticket\venv\Lib\site-packages\django\contrib\messages\storage\cookie.py first seen with mtime 1778214676.914981
DEBUG 2026-05-08 00:04:28,366 autoreload File C:\xampp\htdocs\servidor\django-ticket\venv\Lib\site-packages\django\contrib\sessions\serializers.py first seen with mtime 1778214677.7132442
DEBUG 2026-05-08 00:04:28,367 autoreload File C:\xampp\htdocs\servidor\django-ticket\venv\Lib\site-packages\django\conf\locale\en\formats.py first seen with mtime 1778214671.0864582
DEBUG 2026-05-08 00:04:28,371 autoreload File C:\xampp\htdocs\servidor\django-ticket\venv\Lib\site-packages\django\contrib\auth\context_processors.py first seen with mtime 1778214672.9380672
DEBUG 2026-05-08 00:04:28,372 autoreload File C:\xampp\htdocs\servidor\django-ticket\venv\Lib\site-packages\django\template\context_processors.py first seen with mtime 1778214679.0806313
DEBUG 2026-05-08 00:04:28,372 autoreload File C:\Python314\Lib\importlib\resources\readers.py first seen with mtime 1764976580.0
DEBUG 2026-05-08 00:04:28,375 autoreload File C:\xampp\htdocs\servidor\django-ticket\venv\Lib\site-packages\tzdata\__init__.py first seen with mtime 1778214657.0721295
DEBUG 2026-05-08 00:04:28,377 autoreload File C:\Python314\Lib\importlib\resources\__init__.py first seen with mtime 1764976580.0
DEBUG 2026-05-08 00:04:28,378 autoreload File C:\Python314\Lib\encodings\unicode_escape.py first seen with mtime 1764976580.0
DEBUG 2026-05-08 00:04:28,379 autoreload File C:\Python314\Lib\zipfile\_path\__init__.py first seen with mtime 1764976582.0
DEBUG 2026-05-08 00:04:28,382 autoreload File C:\Python314\Lib\zipfile\__init__.py first seen with mtime 1764976582.0
DEBUG 2026-05-08 00:04:28,384 autoreload File C:\Python314\Lib\importlib\resources\_common.py first seen with mtime 1764976580.0
DEBUG 2026-05-08 00:04:28,387 autoreload File C:\xampp\htdocs\servidor\django-ticket\venv\Lib\site-packages\django\contrib\messages\storage\session.py first seen with mtime 1778214676.9185169
DEBUG 2026-05-08 00:04:28,390 autoreload File C:\xampp\htdocs\servidor\django-ticket\venv\Lib\site-packages\django\contrib\admin\forms.py first seen with mtime 1778214671.513625
DEBUG 2026-05-08 00:04:28,392 autoreload File C:\xampp\htdocs\servidor\django-ticket\venv\Lib\site-packages\tzdata\zoneinfo\__init__.py first seen with mtime 1778214657.0958862
DEBUG 2026-05-08 00:04:28,394 autoreload File C:\xampp\htdocs\servidor\django-ticket\venv\Lib\site-packages\django\contrib\messages\storage\fallback.py first seen with mtime 1778214676.9174967
DEBUG 2026-05-08 00:04:28,395 autoreload File C:\Python314\Lib\importlib\resources\_adapters.py first seen with mtime 1764976580.0
DEBUG 2026-05-08 00:04:33,061 utils (0.002) SELECT "auth_user"."id", "auth_user"."password", "auth_user"."last_login", "auth_user"."is_superuser", "auth_user"."username", "auth_user"."first_name", "auth_user"."last_name", "auth_user"."email", "auth_user"."is_staff", "auth_user"."is_active", "auth_user"."date_joined" FROM "auth_user" WHERE "auth_user"."username" = 'admin' LIMIT 21; args=('admin',); alias=default
DEBUG 2026-05-08 00:04:34,008 utils (0.004) SELECT 1 AS "a" FROM "django_session" WHERE "django_session"."session_key" = 'b611ioopg8pl1y9qkyc3bfqesujyxclg' LIMIT 1; args=(1, 'b611ioopg8pl1y9qkyc3bfqesujyxclg'); alias=default
DEBUG 2026-05-08 00:04:34,009 utils (0.000) BEGIN; args=None; alias=default
DEBUG 2026-05-08 00:04:34,010 utils (0.001) INSERT INTO "django_session" ("session_key", "session_data", "expire_date") VALUES ('b611ioopg8pl1y9qkyc3bfqesujyxclg', 'e30:1wLDO6:qabwheQYvYOk9E5CEKLqyWdfwUkE_EGotmzpBa59D6k', '2026-05-22T05:04:34.008998+00:00'::timestamptz); args=('b611ioopg8pl1y9qkyc3bfqesujyxclg', 'e30:1wLDO6:qabwheQYvYOk9E5CEKLqyWdfwUkE_EGotmzpBa59D6k', datetime.datetime(2026, 5, 22, 5, 4, 34, 8998, tzinfo=datetime.timezone.utc)); alias=default
DEBUG 2026-05-08 00:04:34,011 utils (0.001) COMMIT; args=None; alias=default
DEBUG 2026-05-08 00:04:34,014 utils (0.003) UPDATE "auth_user" SET "last_login" = '2026-05-08T05:04:34.011723+00:00'::timestamptz WHERE "auth_user"."id" = 1; args=(datetime.datetime(2026, 5, 8, 5, 4, 34, 11723, tzinfo=datetime.timezone.utc), 1); alias=default
DEBUG 2026-05-08 00:04:34,016 utils (0.000) BEGIN; args=None; alias=default
DEBUG 2026-05-08 00:04:34,018 utils (0.001) UPDATE "django_session" SET "session_data" = '.eJxVjDkOwjAQAP-yNbJ27fhISnreYPlYkwCypTipEH9HkVJAOzOaN_iwb7PfO69-yTABweWXxZCeXA-RH6Hem0itbusSxZGI03Zxa5lf17P9G8yhzzBBQcPFkglWOTck1pKRklWDiTxGJ5UkqRWhMqStNuNYBkPKJkSMEUnD5wu3rDYV:1wLDO6:FUhw8dOfZzJ17A7EUMMRgEfEZ8feg7UeOAliEbDodqI', "expire_date" = '2026-05-22T05:04:34.016237+00:00'::timestamptz WHERE "django_session"."session_key" = 'b611ioopg8pl1y9qkyc3bfqesujyxclg'; args=('.eJxVjDkOwjAQAP-yNbJ27fhISnreYPlYkwCypTipEH9HkVJAOzOaN_iwb7PfO69-yTABweWXxZCeXA-RH6Hem0itbusSxZGI03Zxa5lf17P9G8yhzzBBQcPFkglWOTck1pKRklWDiTxGJ5UkqRWhMqStNuNYBkPKJkSMEUnD5wu3rDYV:1wLDO6:FUhw8dOfZzJ17A7EUMMRgEfEZ8feg7UeOAliEbDodqI', datetime.datetime(2026, 5, 22, 5, 4, 34, 16237, tzinfo=datetime.timezone.utc), 'b611ioopg8pl1y9qkyc3bfqesujyxclg'); alias=default
DEBUG 2026-05-08 00:04:34,019 utils (0.000) COMMIT; args=None; alias=default
INFO 2026-05-08 00:04:34,019 log "POST /admin/login/?next=/admin/ HTTP/1.1" 302 0
DEBUG 2026-05-08 00:04:34,107 utils (0.018) SELECT "django_session"."session_key", "django_session"."session_data", "django_session"."expire_date" FROM "django_session" WHERE ("django_session"."expire_date" > '2026-05-08T05:04:34.040354+00:00'::timestamptz AND "django_session"."session_key" = 'b611ioopg8pl1y9qkyc3bfqesujyxclg') LIMIT 21; args=(datetime.datetime(2026, 5, 8, 5, 4, 34, 40354, tzinfo=datetime.timezone.utc), 'b611ioopg8pl1y9qkyc3bfqesujyxclg'); alias=default
DEBUG 2026-05-08 00:04:34,109 utils (0.001) SELECT "auth_user"."id", "auth_user"."password", "auth_user"."last_login", "auth_user"."is_superuser", "auth_user"."username", "auth_user"."first_name", "auth_user"."last_name", "auth_user"."email", "auth_user"."is_staff", "auth_user"."is_active", "auth_user"."date_joined" FROM "auth_user" WHERE "auth_user"."id" = 1 LIMIT 21; args=(1,); alias=default
DEBUG 2026-05-08 00:04:34,121 utils (0.003) SELECT "django_admin_log"."id", "django_admin_log"."action_time", "django_admin_log"."user_id", "django_admin_log"."content_type_id", "django_admin_log"."object_id", "django_admin_log"."object_repr", "django_admin_log"."action_flag", "django_admin_log"."change_message", "auth_user"."id", "auth_user"."password", "auth_user"."last_login", "auth_user"."is_superuser", "auth_user"."username", "auth_user"."first_name", "auth_user"."last_name", "auth_user"."email", "auth_user"."is_staff", "auth_user"."is_active", "auth_user"."date_joined", "django_content_type"."id", "django_content_type"."app_label", "django_content_type"."model" FROM "django_admin_log" INNER JOIN "auth_user" ON ("django_admin_log"."user_id" = "auth_user"."id") LEFT OUTER JOIN "django_content_type" ON ("django_admin_log"."content_type_id" = "django_content_type"."id") WHERE "django_admin_log"."user_id" = 1 ORDER BY "django_admin_log"."action_time" DESC LIMIT 10; args=(1,); alias=default
INFO 2026-05-08 00:04:34,123 log "GET /admin/ HTTP/1.1" 200 6021
INFO 2026-05-08 00:04:34,266 log "GET /static/admin/css/dashboard.css HTTP/1.1" 200 441
INFO 2026-05-08 00:04:34,280 log "GET /static/admin/img/icon-changelink.svg HTTP/1.1" 200 978
INFO 2026-05-08 00:04:34,281 log "GET /static/admin/img/icon-addlink.svg HTTP/1.1" 200 593
DEBUG 2026-05-08 00:04:43,798 utils (0.001) SELECT "django_session"."session_key", "django_session"."session_data", "django_session"."expire_date" FROM "django_session" WHERE ("django_session"."expire_date" > '2026-05-08T05:04:43.646114+00:00'::timestamptz AND "django_session"."session_key" = 'b611ioopg8pl1y9qkyc3bfqesujyxclg') LIMIT 21; args=(datetime.datetime(2026, 5, 8, 5, 4, 43, 646114, tzinfo=datetime.timezone.utc), 'b611ioopg8pl1y9qkyc3bfqesujyxclg'); alias=default
DEBUG 2026-05-08 00:04:43,800 utils (0.001) SELECT "auth_user"."id", "auth_user"."password", "auth_user"."last_login", "auth_user"."is_superuser", "auth_user"."username", "auth_user"."first_name", "auth_user"."last_name", "auth_user"."email", "auth_user"."is_staff", "auth_user"."is_active", "auth_user"."date_joined" FROM "auth_user" WHERE "auth_user"."id" = 1 LIMIT 21; args=(1,); alias=default
DEBUG 2026-05-08 00:04:43,803 utils (0.001) SELECT "auth_group"."id", "auth_group"."name" FROM "auth_group" ORDER BY "auth_group"."name" ASC; args=(); alias=default
DEBUG 2026-05-08 00:04:43,806 utils (0.001) SELECT COUNT(*) AS "__count" FROM "auth_user"; args=(); alias=default
DEBUG 2026-05-08 00:04:43,807 utils (0.000) SELECT COUNT(*) AS "__count" FROM "auth_user"; args=(); alias=default
DEBUG 2026-05-08 00:04:43,815 utils (0.000) SELECT "auth_user"."id", "auth_user"."password", "auth_user"."last_login", "auth_user"."is_superuser", "auth_user"."username", "auth_user"."first_name", "auth_user"."last_name", "auth_user"."email", "auth_user"."is_staff", "auth_user"."is_active", "auth_user"."date_joined" FROM "auth_user" ORDER BY "auth_user"."username" ASC; args=(); alias=default
INFO 2026-05-08 00:04:43,845 log "GET /admin/auth/user/ HTTP/1.1" 200 11635
INFO 2026-05-08 00:04:43,906 log "GET /static/admin/css/changelists.css HTTP/1.1" 200 7498
INFO 2026-05-08 00:04:43,910 log "GET /static/admin/js/core.js HTTP/1.1" 200 6208
INFO 2026-05-08 00:04:43,912 log "GET /static/admin/js/jquery.init.js HTTP/1.1" 200 347
INFO 2026-05-08 00:04:43,913 log "GET /static/admin/js/admin/RelatedObjectLookups.js HTTP/1.1" 200 9777
INFO 2026-05-08 00:04:43,926 log "GET /static/admin/js/vendor/jquery/jquery.js HTTP/1.1" 200 285314
INFO 2026-05-08 00:04:43,938 log "GET /static/admin/js/actions.js HTTP/1.1" 200 8076
INFO 2026-05-08 00:04:43,939 log "GET /static/admin/js/urlify.js HTTP/1.1" 200 7887
INFO 2026-05-08 00:04:43,963 log "GET /static/admin/js/prepopulate.js HTTP/1.1" 200 1531
INFO 2026-05-08 00:04:43,969 log "GET /static/admin/img/search.svg HTTP/1.1" 200 607
INFO 2026-05-08 00:04:43,972 log "GET /static/admin/js/vendor/xregexp/xregexp.js HTTP/1.1" 200 325171
INFO 2026-05-08 00:04:43,989 log "GET /static/admin/img/icon-yes.svg HTTP/1.1" 200 558
DEBUG 2026-05-08 00:04:44,027 utils (0.002) SELECT "django_session"."session_key", "django_session"."session_data", "django_session"."expire_date" FROM "django_session" WHERE ("django_session"."expire_date" > '2026-05-08T05:04:43.902390+00:00'::timestamptz AND "django_session"."session_key" = 'b611ioopg8pl1y9qkyc3bfqesujyxclg') LIMIT 21; args=(datetime.datetime(2026, 5, 8, 5, 4, 43, 902390, tzinfo=datetime.timezone.utc), 'b611ioopg8pl1y9qkyc3bfqesujyxclg'); alias=default
DEBUG 2026-05-08 00:04:44,028 utils (0.001) SELECT "auth_user"."id", "auth_user"."password", "auth_user"."last_login", "auth_user"."is_superuser", "auth_user"."username", "auth_user"."first_name", "auth_user"."last_name", "auth_user"."email", "auth_user"."is_staff", "auth_user"."is_active", "auth_user"."date_joined" FROM "auth_user" WHERE "auth_user"."id" = 1 LIMIT 21; args=(1,); alias=default
INFO 2026-05-08 00:04:44,032 log "GET /admin/jsi18n/ HTTP/1.1" 200 3342
INFO 2026-05-08 00:04:44,065 log "GET /static/admin/js/filters.js HTTP/1.1" 200 978
INFO 2026-05-08 00:04:44,122 log "GET /static/admin/img/tooltag-add.svg HTTP/1.1" 200 593
INFO 2026-05-08 00:04:44,124 log "GET /static/admin/img/icon-viewlink.svg HTTP/1.1" 200 928
INFO 2026-05-08 00:04:44,126 log "GET /static/admin/img/sorting-icons.svg HTTP/1.1" 200 1761
INFO 2026-05-08 00:10:48,621 autoreload Watching for file changes with StatReloader
DEBUG 2026-05-08 00:10:48,622 autoreload Waiting for apps ready_event.
DEBUG 2026-05-08 00:10:48,626 autoreload Apps ready_event triggered. Sending autoreload_started signal.
DEBUG 2026-05-08 00:10:48,648 autoreload Watching dir C:\xampp\htdocs\servidor\django-ticket\venv\Lib\site-packages\drf_spectacular\templates with glob **/*.
DEBUG 2026-05-08 00:10:48,649 autoreload Watching dir C:\xampp\htdocs\servidor\django-ticket\locale with glob **/*.mo.
DEBUG 2026-05-08 00:10:48,649 autoreload Watching dir C:\xampp\htdocs\servidor\django-ticket\venv\Lib\site-packages\drf_spectacular\locale with glob **/*.mo.
DEBUG 2026-05-08 00:10:48,649 autoreload Watching dir C:\xampp\htdocs\servidor\django-ticket\venv\Lib\site-packages\corsheaders\locale with glob **/*.mo.
DEBUG 2026-05-08 00:10:48,650 autoreload Watching dir C:\xampp\htdocs\servidor\django-ticket\api\locale with glob **/*.mo.
DEBUG 2026-05-08 00:10:48,650 autoreload Watching dir C:\xampp\htdocs\servidor\django-ticket\authentication\locale with glob **/*.mo.
DEBUG 2026-05-08 00:10:48,650 autoreload Watching dir C:\xampp\htdocs\servidor\django-ticket\transactions\locale with glob **/*.mo.
DEBUG 2026-05-08 00:10:48,651 autoreload Watching dir C:\xampp\htdocs\servidor\django-ticket\services\locale with glob **/*.mo.
DEBUG 2026-05-08 00:10:48,835 utils (0.008) 
            SELECT
                c.relname,
                CASE
                    WHEN c.relispartition THEN 'p'
                    WHEN c.relkind IN ('m', 'v') THEN 'v'
                    ELSE 't'
                END,
                obj_description(c.oid, 'pg_class')
            FROM pg_catalog.pg_class c
            LEFT JOIN pg_catalog.pg_namespace n ON n.oid = c.relnamespace
            WHERE c.relkind IN ('f', 'm', 'p', 'r', 'v')
                AND n.nspname NOT IN ('pg_catalog', 'pg_toast')
                AND pg_catalog.pg_table_is_visible(c.oid)
        ; args=None; alias=default
DEBUG 2026-05-08 00:10:48,838 utils (0.001) SELECT "django_migrations"."id", "django_migrations"."app", "django_migrations"."name", "django_migrations"."applied" FROM "django_migrations"; args=(); alias=default
DEBUG 2026-05-08 00:10:48,984 autoreload File C:\xampp\htdocs\servidor\django-ticket\venv\Lib\site-packages\django\contrib\auth\signals.py first seen with mtime 1778214672.944584
DEBUG 2026-05-08 00:10:48,985 autoreload File C:\xampp\htdocs\servidor\django-ticket\venv\Lib\site-packages\django\template\loaders\app_directories.py first seen with mtime 1778214679.098383
DEBUG 2026-05-08 00:10:48,985 autoreload File C:\xampp\htdocs\servidor\django-ticket\venv\Lib\site-packages\django\db\backends\base\validation.py first seen with mtime 1778214678.7887597
DEBUG 2026-05-08 00:10:48,985 autoreload File C:\xampp\htdocs\servidor\django-ticket\venv\Lib\site-packages\sqlparse\lexer.py first seen with mtime 1778214657.5196753
DEBUG 2026-05-08 00:10:48,985 autoreload File C:\xampp\htdocs\servidor\django-ticket\venv\Lib\site-packages\django\contrib\sessions\base_session.py first seen with mtime 1778214677.7075067
DEBUG 2026-05-08 00:10:48,986 autoreload File C:\xampp\htdocs\servidor\django-ticket\venv\Lib\site-packages\sqlparse\engine\__init__.py first seen with mtime 1778214657.5232995
DEBUG 2026-05-08 00:10:48,986 autoreload File C:\Python314\Lib\asyncio\proactor_events.py first seen with mtime 1764976580.0
DEBUG 2026-05-08 00:10:48,986 autoreload File C:\xampp\htdocs\servidor\django-ticket\venv\Lib\site-packages\django\middleware\__init__.py first seen with mtime 1778214679.050262
DEBUG 2026-05-08 00:10:48,987 autoreload File C:\xampp\htdocs\servidor\django-ticket\venv\Lib\site-packages\sqlparse\cli.py first seen with mtime 1778214657.5172856
DEBUG 2026-05-08 00:10:48,988 autoreload File C:\Python314\Lib\json\decoder.py first seen with mtime 1764976580.0
DEBUG 2026-05-08 00:10:48,988 autoreload File C:\Python314\DLLs\_asyncio.pyd first seen with mtime 1764976656.0
DEBUG 2026-05-08 00:10:48,988 autoreload File C:\xampp\htdocs\servidor\django-ticket\venv\Lib\site-packages\django\db\models\fields\composite.py first seen with mtime 1778214678.8910127
DEBUG 2026-05-08 00:10:48,989 autoreload File C:\xampp\htdocs\servidor\django-ticket\venv\Lib\site-packages\django\views\generic\dates.py first seen with mtime 1778214679.218498
DEBUG 2026-05-08 00:10:48,989 autoreload File C:\Python314\Lib\asyncio\selector_events.py first seen with mtime 1764976580.0
DEBUG 2026-05-08 00:10:48,989 autoreload File C:\xampp\htdocs\servidor\django-ticket\venv\Lib\site-packages\django\db\migrations\operations\models.py first seen with mtime 1778214678.8672252
DEBUG 2026-05-08 00:10:48,990 autoreload File C:\xampp\htdocs\servidor\django-ticket\venv\Lib\site-packages\django\templatetags\cache.py first seen with mtime 1778214679.1043108
DEBUG 2026-05-08 00:10:48,990 autoreload File C:\xampp\htdocs\servidor\django-ticket\venv\Lib\site-packages\psycopg2\_psycopg.cp314-win_amd64.pyd first seen with mtime 1778214660.8326797
DEBUG 2026-05-08 00:10:48,990 autoreload File C:\Python314\Lib\ctypes\wintypes.py first seen with mtime 1764976580.0
DEBUG 2026-05-08 00:10:48,991 autoreload File C:\xampp\htdocs\servidor\django-ticket\venv\Lib\site-packages\django\contrib\auth\checks.py first seen with mtime 1778214672.9355588
DEBUG 2026-05-08 00:10:48,991 autoreload File C:\Python314\Lib\reprlib.py first seen with mtime 1764976580.0
DEBUG 2026-05-08 00:10:48,991 autoreload File C:\xampp\htdocs\servidor\django-ticket\venv\Lib\site-packages\django\core\files\storage\mixins.py first seen with mtime 1778214678.6960635
DEBUG 2026-05-08 00:10:48,992 autoreload File C:\Python314\Lib\calendar.py first seen with mtime 1764976580.0
DEBUG 2026-05-08 00:10:48,992 autoreload File C:\xampp\htdocs\servidor\django-ticket\venv\Lib\site-packages\django\contrib\admin\apps.py first seen with mtime 1778214671.5073664
DEBUG 2026-05-08 00:10:48,993 autoreload File C:\xampp\htdocs\servidor\django-ticket\venv\Lib\site-packages\django\middleware\cache.py first seen with mtime 1778214679.0512736
DEBUG 2026-05-08 00:10:48,993 autoreload File C:\xampp\htdocs\servidor\django-ticket\venv\Lib\site-packages\django\contrib\staticfiles\handlers.py first seen with mtime 1778214678.6002183
DEBUG 2026-05-08 00:10:48,993 autoreload File C:\xampp\htdocs\servidor\django-ticket\venv\Lib\site-packages\django\contrib\auth\middleware.py first seen with mtime 1778214672.9410925
DEBUG 2026-05-08 00:10:48,994 autoreload File C:\xampp\htdocs\servidor\django-ticket\venv\Lib\site-packages\django\core\validators.py first seen with mtime 1778214678.6255486
DEBUG 2026-05-08 00:10:48,994 autoreload File C:\Python314\Lib\heapq.py first seen with mtime 1764976580.0
DEBUG 2026-05-08 00:10:48,994 autoreload File C:\Python314\Lib\html\__init__.py first seen with mtime 1764976580.0
DEBUG 2026-05-08 00:10:48,995 autoreload File C:\Python314\Lib\tempfile.py first seen with mtime 1764976580.0
DEBUG 2026-05-08 00:10:48,995 autoreload File C:\xampp\htdocs\servidor\django-ticket\venv\Lib\site-packages\dotenv\main.py first seen with mtime 1778214657.7576737
DEBUG 2026-05-08 00:10:48,995 autoreload File C:\Python314\Lib\asyncio\tasks.py first seen with mtime 1764976580.0
DEBUG 2026-05-08 00:10:48,996 autoreload File C:\xampp\htdocs\servidor\django-ticket\venv\Lib\site-packages\asgiref\sync.py first seen with mtime 1778214662.5276198
DEBUG 2026-05-08 00:10:48,996 autoreload File C:\xampp\htdocs\servidor\django-ticket\venv\Lib\site-packages\django\core\management\base.py first seen with mtime 1778214678.7216282
DEBUG 2026-05-08 00:10:48,996 autoreload File C:\xampp\htdocs\servidor\django-ticket\venv\Lib\site-packages\django\db\migrations\migration.py first seen with mtime 1778214678.8556669
DEBUG 2026-05-08 00:10:48,996 autoreload File C:\xampp\htdocs\servidor\django-ticket\venv\Lib\site-packages\django\contrib\admin\__init__.py first seen with mtime 1778214671.5058558
DEBUG 2026-05-08 00:10:48,997 autoreload File C:\xampp\htdocs\servidor\django-ticket\venv\Lib\site-packages\django\views\decorators\csrf.py first seen with mtime 1778214679.2109852
DEBUG 2026-05-08 00:10:48,997 autoreload File C:\Python314\Lib\email\_policybase.py first seen with mtime 1764976580.0
DEBUG 2026-05-08 00:10:48,997 autoreload File C:\xampp\htdocs\servidor\django-ticket\venv\Lib\site-packages\django\contrib\sites\shortcuts.py first seen with mtime 1778214678.1836567
DEBUG 2026-05-08 00:10:48,998 autoreload File C:\Python314\Lib\urllib\error.py first seen with mtime 1764976582.0
DEBUG 2026-05-08 00:10:48,998 autoreload File C:\xampp\htdocs\servidor\django-ticket\venv\Lib\site-packages\django\utils\dateformat.py first seen with mtime 1778214679.1490426
DEBUG 2026-05-08 00:10:48,998 autoreload File C:\xampp\htdocs\servidor\django-ticket\manage.py first seen with mtime 1778214738.2459261
DEBUG 2026-05-08 00:10:48,998 autoreload File C:\xampp\htdocs\servidor\django-ticket\venv\Lib\site-packages\whitenoise\responders.py first seen with mtime 1778214656.7852988
DEBUG 2026-05-08 00:10:48,999 autoreload File C:\xampp\htdocs\servidor\django-ticket\venv\Lib\site-packages\django\db\models\sql\compiler.py first seen with mtime 1778214678.9126701
DEBUG 2026-05-08 00:10:48,999 autoreload File C:\xampp\htdocs\servidor\django-ticket\venv\Lib\site-packages\django\core\checks\caches.py first seen with mtime 1778214678.6446373
DEBUG 2026-05-08 00:10:48,999 autoreload File C:\xampp\htdocs\servidor\django-ticket\venv\Lib\site-packages\django\db\models\sql\subqueries.py first seen with mtime 1778214678.9158678
DEBUG 2026-05-08 00:10:48,999 autoreload File C:\Python314\Lib\logging\__init__.py first seen with mtime 1764976580.0
DEBUG 2026-05-08 00:10:49,000 autoreload File C:\xampp\htdocs\servidor\django-ticket\venv\Lib\site-packages\django\utils\choices.py first seen with mtime 1778214679.140237
DEBUG 2026-05-08 00:10:49,000 autoreload File C:\xampp\htdocs\servidor\django-ticket\venv\Lib\site-packages\django\contrib\admin\templatetags\base.py first seen with mtime 1778214672.4822116
DEBUG 2026-05-08 00:10:49,000 autoreload File C:\xampp\htdocs\servidor\django-ticket\venv\Lib\site-packages\django\db\models\sql\__init__.py first seen with mtime 1778214678.9116623
DEBUG 2026-05-08 00:10:49,001 autoreload File C:\Python314\Lib\glob.py first seen with mtime 1764976580.0
DEBUG 2026-05-08 00:10:49,001 autoreload File C:\xampp\htdocs\servidor\django-ticket\venv\Lib\site-packages\django\conf\__init__.py first seen with mtime 1778214670.9875972
DEBUG 2026-05-08 00:10:49,001 autoreload File C:\xampp\htdocs\servidor\django-ticket\venv\Lib\site-packages\django\core\checks\model_checks.py first seen with mtime 1778214678.6501591
DEBUG 2026-05-08 00:10:49,001 autoreload File C:\xampp\htdocs\servidor\django-ticket\venv\Lib\site-packages\django\core\files\locks.py first seen with mtime 1778214678.6824784
DEBUG 2026-05-08 00:10:49,002 autoreload File C:\xampp\htdocs\servidor\django-ticket\services\admin.py first seen with mtime 1778216969.9944348
DEBUG 2026-05-08 00:10:49,002 autoreload File C:\Python314\Lib\json\__init__.py first seen with mtime 1764976580.0
DEBUG 2026-05-08 00:10:49,003 autoreload File C:\Python314\Lib\_opcode_metadata.py first seen with mtime 1764976580.0
DEBUG 2026-05-08 00:10:49,003 autoreload File C:\Python314\Lib\annotationlib.py first seen with mtime 1764976580.0
DEBUG 2026-05-08 00:10:49,004 autoreload File C:\xampp\htdocs\servidor\django-ticket\venv\Lib\site-packages\django\utils\autoreload.py first seen with mtime 1778214679.13712
DEBUG 2026-05-08 00:10:49,004 autoreload File C:\Python314\Lib\ssl.py first seen with mtime 1764976580.0
DEBUG 2026-05-08 00:10:49,004 autoreload File C:\xampp\htdocs\servidor\django-ticket\venv\Lib\site-packages\django\db\migrations\operations\special.py first seen with mtime 1778214678.8686924
DEBUG 2026-05-08 00:10:49,005 autoreload File C:\Python314\Lib\concurrent\futures\__init__.py first seen with mtime 1764976580.0
DEBUG 2026-05-08 00:10:49,005 autoreload File C:\xampp\htdocs\servidor\django-ticket\transactions\admin.py first seen with mtime 1778216958.8401816
DEBUG 2026-05-08 00:10:49,005 autoreload File C:\xampp\htdocs\servidor\django-ticket\venv\Lib\site-packages\django\contrib\admin\exceptions.py first seen with mtime 1778214671.5106337
DEBUG 2026-05-08 00:10:49,006 autoreload File C:\xampp\htdocs\servidor\django-ticket\venv\Lib\site-packages\django\core\checks\__init__.py first seen with mtime 1778214678.6396506
DEBUG 2026-05-08 00:10:49,006 autoreload File C:\xampp\htdocs\servidor\django-ticket\venv\Lib\site-packages\django\utils\formats.py first seen with mtime 1778214679.1633306
DEBUG 2026-05-08 00:10:49,006 autoreload File C:\xampp\htdocs\servidor\django-ticket\venv\Lib\site-packages\django\contrib\auth\views.py first seen with mtime 1778214672.9483647
DEBUG 2026-05-08 00:10:49,006 autoreload File C:\xampp\htdocs\servidor\django-ticket\venv\Lib\site-packages\django\db\models\signals.py first seen with mtime 1778214678.8877244
DEBUG 2026-05-08 00:10:49,007 autoreload File C:\xampp\htdocs\servidor\django-ticket\venv\Lib\site-packages\django\contrib\messages\__init__.py first seen with mtime 1778214676.8960023
DEBUG 2026-05-08 00:10:49,007 autoreload File C:\xampp\htdocs\servidor\django-ticket\venv\Lib\site-packages\django\utils\functional.py first seen with mtime 1778214679.1653225
DEBUG 2026-05-08 00:10:49,007 autoreload File C:\Python314\Lib\ctypes\_endian.py first seen with mtime 1764976580.0
DEBUG 2026-05-08 00:10:49,008 autoreload File C:\xampp\htdocs\servidor\django-ticket\venv\Lib\site-packages\django\contrib\messages\utils.py first seen with mtime 1778214676.905259
DEBUG 2026-05-08 00:10:49,008 autoreload File C:\Python314\Lib\decimal.py first seen with mtime 1764976580.0
DEBUG 2026-05-08 00:10:49,008 autoreload File C:\Python314\Lib\selectors.py first seen with mtime 1764976580.0
DEBUG 2026-05-08 00:10:49,008 autoreload File C:\xampp\htdocs\servidor\django-ticket\venv\Lib\site-packages\django\contrib\admin\checks.py first seen with mtime 1778214671.5073664
DEBUG 2026-05-08 00:10:49,009 autoreload File C:\Python314\Lib\email\headerregistry.py first seen with mtime 1764976580.0
DEBUG 2026-05-08 00:10:49,009 autoreload File C:\Python314\Lib\compression\zstd\__init__.py first seen with mtime 1764976580.0
DEBUG 2026-05-08 00:10:49,010 autoreload File C:\xampp\htdocs\servidor\django-ticket\venv\Lib\site-packages\django\db\backends\postgresql\psycopg_any.py first seen with mtime 1778214678.835037
DEBUG 2026-05-08 00:10:49,010 autoreload File C:\Python314\Lib\collections\__init__.py first seen with mtime 1764976580.0
DEBUG 2026-05-08 00:10:49,011 autoreload File C:\xampp\htdocs\servidor\django-ticket\venv\Lib\site-packages\django\contrib\admin\sites.py first seen with mtime 1778214671.5195887
DEBUG 2026-05-08 00:10:49,011 autoreload File C:\xampp\htdocs\servidor\django-ticket\venv\Lib\site-packages\django\views\i18n.py first seen with mtime 1778214679.202482
DEBUG 2026-05-08 00:10:49,011 autoreload File C:\xampp\htdocs\servidor\django-ticket\venv\Lib\site-packages\django\db\models\expressions.py first seen with mtime 1778214678.8796253
DEBUG 2026-05-08 00:10:49,012 autoreload File C:\Python314\Lib\asyncio\protocols.py first seen with mtime 1764976580.0
DEBUG 2026-05-08 00:10:49,012 autoreload File C:\Python314\Lib\zoneinfo\__init__.py first seen with mtime 1764976582.0
DEBUG 2026-05-08 00:10:49,012 autoreload File C:\xampp\htdocs\servidor\django-ticket\transactions\__init__.py first seen with mtime 1778216958.8436325
DEBUG 2026-05-08 00:10:49,013 autoreload File C:\xampp\htdocs\servidor\django-ticket\venv\Lib\site-packages\django\core\files\storage\memory.py first seen with mtime 1778214678.6950176
DEBUG 2026-05-08 00:10:49,013 autoreload File C:\xampp\htdocs\servidor\django-ticket\venv\Lib\site-packages\django\utils\lorem_ipsum.py first seen with mtime 1778214679.1773314
DEBUG 2026-05-08 00:10:49,013 autoreload File C:\Python314\Lib\email\__init__.py first seen with mtime 1764976580.0
DEBUG 2026-05-08 00:10:49,013 autoreload File C:\xampp\htdocs\servidor\django-ticket\venv\Lib\site-packages\django\views\generic\edit.py first seen with mtime 1778214679.2204955
DEBUG 2026-05-08 00:10:49,014 autoreload File C:\xampp\htdocs\servidor\django-ticket\venv\Lib\site-packages\django\core\mail\__init__.py first seen with mtime 1778214678.7038088
DEBUG 2026-05-08 00:10:49,014 autoreload File C:\xampp\htdocs\servidor\django-ticket\venv\Lib\site-packages\django\db\migrations\utils.py first seen with mtime 1778214678.861234
DEBUG 2026-05-08 00:10:49,014 autoreload File C:\xampp\htdocs\servidor\django-ticket\venv\Lib\site-packages\django\template\defaultfilters.py first seen with mtime 1778214679.0806313
DEBUG 2026-05-08 00:10:49,015 autoreload File C:\Python314\Lib\email\_header_value_parser.py first seen with mtime 1764976580.0
DEBUG 2026-05-08 00:10:49,015 autoreload File C:\Python314\DLLs\_zstd.pyd first seen with mtime 1764976658.0
DEBUG 2026-05-08 00:10:49,015 autoreload File C:\xampp\htdocs\servidor\django-ticket\venv\Lib\site-packages\corsheaders\checks.py first seen with mtime 1778214686.503598
DEBUG 2026-05-08 00:10:49,016 autoreload File C:\xampp\htdocs\servidor\django-ticket\authentication\admin.py first seen with mtime 1778216945.7800782
DEBUG 2026-05-08 00:10:49,017 autoreload File C:\xampp\htdocs\servidor\django-ticket\venv\Lib\site-packages\django\db\models\fields\files.py first seen with mtime 1778214678.8920195
DEBUG 2026-05-08 00:10:49,018 autoreload File C:\xampp\htdocs\servidor\django-ticket\venv\Lib\site-packages\django\core\files\move.py first seen with mtime 1778214678.6834753
DEBUG 2026-05-08 00:10:49,019 autoreload File C:\Python314\Lib\encodings\utf_8_sig.py first seen with mtime 1764976580.0
DEBUG 2026-05-08 00:10:49,019 autoreload File C:\xampp\htdocs\servidor\django-ticket\venv\Lib\site-packages\django\contrib\admin\options.py first seen with mtime 1778214671.5182629
DEBUG 2026-05-08 00:10:49,019 autoreload File C:\xampp\htdocs\servidor\django-ticket\venv\Lib\site-packages\django\forms\formsets.py first seen with mtime 1778214678.9258187
DEBUG 2026-05-08 00:10:49,020 autoreload File C:\xampp\htdocs\servidor\django-ticket\venv\Lib\site-packages\django\views\decorators\common.py first seen with mtime 1778214679.2075295
DEBUG 2026-05-08 00:10:49,020 autoreload File C:\Python314\Lib\concurrent\__init__.py first seen with mtime 1764976580.0
DEBUG 2026-05-08 00:10:49,021 autoreload File C:\xampp\htdocs\servidor\django-ticket\venv\Lib\site-packages\django\contrib\admin\templatetags\log.py first seen with mtime 1778214672.4832091
DEBUG 2026-05-08 00:10:49,021 autoreload File C:\xampp\htdocs\servidor\django-ticket\venv\Lib\site-packages\django\contrib\messages\apps.py first seen with mtime 1778214676.8985498
DEBUG 2026-05-08 00:10:49,022 autoreload File C:\xampp\htdocs\servidor\django-ticket\venv\Lib\site-packages\django\db\models\fields\__init__.py first seen with mtime 1778214678.8900063
DEBUG 2026-05-08 00:10:49,022 autoreload File C:\xampp\htdocs\servidor\django-ticket\venv\Lib\site-packages\django\template\backends\base.py first seen with mtime 1778214679.0929327
DEBUG 2026-05-08 00:10:49,022 autoreload File C:\xampp\htdocs\servidor\django-ticket\venv\Lib\site-packages\django\urls\conf.py first seen with mtime 1778214679.1234796
DEBUG 2026-05-08 00:10:49,023 autoreload File C:\xampp\htdocs\servidor\django-ticket\venv\Lib\site-packages\django\db\models\functions\mixins.py first seen with mtime 1778214678.9049757
DEBUG 2026-05-08 00:10:49,023 autoreload File C:\Python314\Lib\email\mime\multipart.py first seen with mtime 1764976580.0
DEBUG 2026-05-08 00:10:49,023 autoreload File C:\xampp\htdocs\servidor\django-ticket\venv\Lib\site-packages\django\contrib\auth\validators.py first seen with mtime 1778214672.947342
DEBUG 2026-05-08 00:10:49,024 autoreload File C:\Python314\Lib\re\_compiler.py first seen with mtime 1764976580.0
DEBUG 2026-05-08 00:10:49,024 autoreload File C:\Python314\Lib\re\__init__.py first seen with mtime 1764976580.0
DEBUG 2026-05-08 00:10:49,024 autoreload File C:\xampp\htdocs\servidor\django-ticket\venv\Lib\site-packages\django\core\serializers\__init__.py first seen with mtime 1778214678.7617815
DEBUG 2026-05-08 00:10:49,024 autoreload File C:\xampp\htdocs\servidor\django-ticket\venv\Lib\site-packages\django\db\models\base.py first seen with mtime 1778214678.87209
DEBUG 2026-05-08 00:10:49,025 autoreload File C:\Python314\Lib\email\iterators.py first seen with mtime 1764976580.0
DEBUG 2026-05-08 00:10:49,025 autoreload File C:\xampp\htdocs\servidor\django-ticket\venv\Lib\site-packages\django\db\backends\postgresql\operations.py first seen with mtime 1778214678.8340125
DEBUG 2026-05-08 00:10:49,026 autoreload File C:\xampp\htdocs\servidor\django-ticket\venv\Lib\site-packages\django\core\files\__init__.py first seen with mtime 1778214678.6789489
DEBUG 2026-05-08 00:10:49,026 autoreload File C:\xampp\htdocs\servidor\django-ticket\venv\Lib\site-packages\django\contrib\staticfiles\apps.py first seen with mtime 1778214678.595668
DEBUG 2026-05-08 00:10:49,026 autoreload File C:\xampp\htdocs\servidor\django-ticket\venv\Lib\site-packages\django\template\base.py first seen with mtime 1778214679.0783226
DEBUG 2026-05-08 00:10:49,026 autoreload File C:\Python314\Lib\email\mime\text.py first seen with mtime 1764976580.0
DEBUG 2026-05-08 00:10:49,027 autoreload File C:\Python314\Lib\asyncio\format_helpers.py first seen with mtime 1764976580.0
DEBUG 2026-05-08 00:10:49,027 autoreload File C:\xampp\htdocs\servidor\django-ticket\venv\Lib\site-packages\django\utils\log.py first seen with mtime 1778214679.1758213
DEBUG 2026-05-08 00:10:49,027 autoreload File C:\xampp\htdocs\servidor\django-ticket\venv\Lib\site-packages\django\http\multipartparser.py first seen with mtime 1778214679.0482464
DEBUG 2026-05-08 00:10:49,028 autoreload File C:\xampp\htdocs\servidor\django-ticket\venv\Lib\site-packages\django\db\models\fields\reverse_related.py first seen with mtime 1778214678.898629
DEBUG 2026-05-08 00:10:49,028 autoreload File C:\xampp\htdocs\servidor\django-ticket\venv\Lib\site-packages\sqlparse\utils.py first seen with mtime 1778214657.5218372
DEBUG 2026-05-08 00:10:49,029 autoreload File C:\xampp\htdocs\servidor\django-ticket\venv\Lib\site-packages\django\core\checks\files.py first seen with mtime 1778214678.6481638
DEBUG 2026-05-08 00:10:49,029 autoreload File C:\xampp\htdocs\servidor\django-ticket\venv\Lib\site-packages\psycopg2\_json.py first seen with mtime 1778214660.8316236
DEBUG 2026-05-08 00:10:49,029 autoreload File C:\xampp\htdocs\servidor\django-ticket\venv\Lib\site-packages\sqlparse\exceptions.py first seen with mtime 1778214657.5172856
DEBUG 2026-05-08 00:10:49,029 autoreload File C:\Python314\Lib\email\base64mime.py first seen with mtime 1764976580.0
DEBUG 2026-05-08 00:10:49,029 autoreload File C:\xampp\htdocs\servidor\django-ticket\venv\Lib\site-packages\django\urls\converters.py first seen with mtime 1778214679.1244762
DEBUG 2026-05-08 00:10:49,030 autoreload File C:\xampp\htdocs\servidor\django-ticket\venv\Lib\site-packages\django\db\migrations\state.py first seen with mtime 1778214678.8602276
DEBUG 2026-05-08 00:10:49,030 autoreload File C:\Python314\Lib\concurrent\futures\_base.py first seen with mtime 1764976580.0
DEBUG 2026-05-08 00:10:49,030 autoreload File C:\xampp\htdocs\servidor\django-ticket\venv\Lib\site-packages\django\template\loader_tags.py first seen with mtime 1778214679.0883718
DEBUG 2026-05-08 00:10:49,031 autoreload File C:\xampp\htdocs\servidor\django-ticket\venv\Lib\site-packages\django\core\paginator.py first seen with mtime 1778214678.6224537
DEBUG 2026-05-08 00:10:49,031 autoreload File C:\xampp\htdocs\servidor\django-ticket\venv\Lib\site-packages\django\contrib\contenttypes\checks.py first seen with mtime 1778214673.444583
DEBUG 2026-05-08 00:10:49,031 autoreload File C:\xampp\htdocs\servidor\django-ticket\venv\Lib\site-packages\django\template\autoreload.py first seen with mtime 1778214679.0709376
DEBUG 2026-05-08 00:10:49,032 autoreload File C:\xampp\htdocs\servidor\django-ticket\venv\Lib\site-packages\django\views\debug.py first seen with mtime 1778214679.2004702
DEBUG 2026-05-08 00:10:49,032 autoreload File C:\xampp\htdocs\servidor\django-ticket\venv\Lib\site-packages\psycopg2\extensions.py first seen with mtime 1778214660.752742
DEBUG 2026-05-08 00:10:49,032 autoreload File C:\xampp\htdocs\servidor\django-ticket\venv\Lib\site-packages\django\core\files\storage\base.py first seen with mtime 1778214678.693009
DEBUG 2026-05-08 00:10:49,033 autoreload File C:\xampp\htdocs\servidor\django-ticket\venv\Lib\site-packages\django\utils\timesince.py first seen with mtime 1778214679.1854005
DEBUG 2026-05-08 00:10:49,033 autoreload File C:\Python314\Lib\difflib.py first seen with mtime 1764976580.0
DEBUG 2026-05-08 00:10:49,034 autoreload File C:\xampp\htdocs\servidor\django-ticket\venv\Lib\site-packages\django\utils\html.py first seen with mtime 1778214679.1678348
DEBUG 2026-05-08 00:10:49,034 autoreload File C:\xampp\htdocs\servidor\django-ticket\venv\Lib\site-packages\django\template\loaders\base.py first seen with mtime 1778214679.0995243
DEBUG 2026-05-08 00:10:49,034 autoreload File C:\xampp\htdocs\servidor\django-ticket\venv\Lib\site-packages\dotenv\__init__.py first seen with mtime 1778214657.7551706
DEBUG 2026-05-08 00:10:49,035 autoreload File C:\xampp\htdocs\servidor\django-ticket\venv\Lib\site-packages\django\utils\encoding.py first seen with mtime 1778214679.1603363
DEBUG 2026-05-08 00:10:49,035 autoreload File C:\xampp\htdocs\servidor\django-ticket\django_ticket\__init__.py first seen with mtime 1778214738.250746
DEBUG 2026-05-08 00:10:49,035 autoreload File C:\xampp\htdocs\servidor\django-ticket\venv\Lib\site-packages\dotenv\parser.py first seen with mtime 1778214657.7576737
DEBUG 2026-05-08 00:10:49,036 autoreload File C:\xampp\htdocs\servidor\django-ticket\venv\Lib\site-packages\django\db\models\lookups.py first seen with mtime 1778214678.880632
DEBUG 2026-05-08 00:10:49,036 autoreload File C:\xampp\htdocs\servidor\django-ticket\venv\Lib\site-packages\django\db\models\sql\constants.py first seen with mtime 1778214678.9136786
DEBUG 2026-05-08 00:10:49,036 autoreload File C:\xampp\htdocs\servidor\django-ticket\venv\Lib\site-packages\psycopg2\errors.py first seen with mtime 1778214660.752742
DEBUG 2026-05-08 00:10:49,036 autoreload File C:\xampp\htdocs\servidor\django-ticket\authentication\__init__.py first seen with mtime 1778216945.7866185
DEBUG 2026-05-08 00:10:49,037 autoreload File C:\xampp\htdocs\servidor\django-ticket\venv\Lib\site-packages\django\conf\global_settings.py first seen with mtime 1778214670.9886408
DEBUG 2026-05-08 00:10:49,037 autoreload File C:\xampp\htdocs\servidor\django-ticket\venv\Lib\site-packages\sqlparse\__init__.py first seen with mtime 1778214657.5157788
DEBUG 2026-05-08 00:10:49,038 autoreload File C:\Python314\Lib\compression\_common\__init__.py first seen with mtime 1764976580.0
DEBUG 2026-05-08 00:10:49,038 autoreload File C:\xampp\htdocs\servidor\django-ticket\venv\Lib\site-packages\django\core\serializers\json.py first seen with mtime 1778214678.7641044
DEBUG 2026-05-08 00:10:49,038 autoreload File C:\Python314\Lib\quopri.py first seen with mtime 1764976580.0
DEBUG 2026-05-08 00:10:49,039 autoreload File C:\xampp\htdocs\servidor\django-ticket\venv\Lib\site-packages\django\views\__init__.py first seen with mtime 1778214679.1974158
DEBUG 2026-05-08 00:10:49,039 autoreload File C:\Python314\Lib\email\header.py first seen with mtime 1764976580.0
DEBUG 2026-05-08 00:10:49,039 autoreload File C:\xampp\htdocs\servidor\django-ticket\venv\Lib\site-packages\psycopg2\sql.py first seen with mtime 1778214660.775869
DEBUG 2026-05-08 00:10:49,039 autoreload File C:\xampp\htdocs\servidor\django-ticket\venv\Lib\site-packages\corsheaders\__init__.py first seen with mtime 1778214686.4993951
DEBUG 2026-05-08 00:10:49,040 autoreload File C:\xampp\htdocs\servidor\django-ticket\venv\Lib\site-packages\django\forms\boundfield.py first seen with mtime 1778214678.922651
DEBUG 2026-05-08 00:10:49,040 autoreload File C:\Python314\Lib\_py_warnings.py first seen with mtime 1764976580.0
DEBUG 2026-05-08 00:10:49,040 autoreload File C:\xampp\htdocs\servidor\django-ticket\venv\Lib\site-packages\django\core\cache\__init__.py first seen with mtime 1778214678.6280465
DEBUG 2026-05-08 00:10:49,040 autoreload File C:\Python314\DLLs\_lzma.pyd first seen with mtime 1764976658.0
DEBUG 2026-05-08 00:10:49,041 autoreload File C:\Python314\Lib\urllib\parse.py first seen with mtime 1764976582.0
DEBUG 2026-05-08 00:10:49,041 autoreload File C:\xampp\htdocs\servidor\django-ticket\venv\Lib\site-packages\django\urls\__init__.py first seen with mtime 1778214679.1214855
DEBUG 2026-05-08 00:10:49,041 autoreload File C:\Python314\Lib\wsgiref\simple_server.py first seen with mtime 1764976582.0
DEBUG 2026-05-08 00:10:49,041 autoreload File C:\Python314\DLLs\_socket.pyd first seen with mtime 1764976656.0
DEBUG 2026-05-08 00:10:49,042 autoreload File C:\xampp\htdocs\servidor\django-ticket\venv\Lib\site-packages\django\contrib\admin\utils.py first seen with mtime 1778214671.5226307
DEBUG 2026-05-08 00:10:49,042 autoreload File C:\xampp\htdocs\servidor\django-ticket\venv\Lib\site-packages\django\db\models\fields\related_lookups.py first seen with mtime 1778214678.897423
DEBUG 2026-05-08 00:10:49,042 autoreload File C:\Python314\Lib\asyncio\queues.py first seen with mtime 1764976580.0
DEBUG 2026-05-08 00:10:49,042 autoreload File C:\xampp\htdocs\servidor\django-ticket\venv\Lib\site-packages\django\core\cache\backends\base.py first seen with mtime 1778214678.6310823
DEBUG 2026-05-08 00:10:49,043 autoreload File C:\xampp\htdocs\servidor\django-ticket\django_ticket\urls.py first seen with mtime 1778214738.2487254
DEBUG 2026-05-08 00:10:49,043 autoreload File C:\xampp\htdocs\servidor\django-ticket\venv\Lib\site-packages\django\contrib\auth\decorators.py first seen with mtime 1778214672.9380672
DEBUG 2026-05-08 00:10:49,043 autoreload File C:\Python314\Lib\asyncio\windows_utils.py first seen with mtime 1764976580.0
DEBUG 2026-05-08 00:10:49,043 autoreload File C:\xampp\htdocs\servidor\django-ticket\venv\Lib\site-packages\django\contrib\admin\models.py first seen with mtime 1778214671.5157385
DEBUG 2026-05-08 00:10:49,043 autoreload File C:\Python314\DLLs\select.pyd first seen with mtime 1764976654.0
DEBUG 2026-05-08 00:10:49,044 autoreload File C:\xampp\htdocs\servidor\django-ticket\venv\Lib\site-packages\django\forms\renderers.py first seen with mtime 1778214678.927328
DEBUG 2026-05-08 00:10:49,044 autoreload File C:\xampp\htdocs\servidor\django-ticket\venv\Lib\site-packages\django\core\checks\compatibility\django_4_0.py first seen with mtime 1778214678.6649072
DEBUG 2026-05-08 00:10:49,044 autoreload File C:\Python314\DLLs\_queue.pyd first seen with mtime 1764976656.0
DEBUG 2026-05-08 00:10:49,045 autoreload File C:\xampp\htdocs\servidor\django-ticket\venv\Lib\site-packages\django\template\loaders\filesystem.py first seen with mtime 1778214679.1005485
DEBUG 2026-05-08 00:10:49,045 autoreload File C:\xampp\htdocs\servidor\django-ticket\venv\Lib\site-packages\django\templatetags\tz.py first seen with mtime 1778214679.1094162
DEBUG 2026-05-08 00:10:49,045 autoreload File C:\xampp\htdocs\servidor\django-ticket\venv\Lib\site-packages\django\db\backends\postgresql\__init__.py first seen with mtime 1778214678.8278334
DEBUG 2026-05-08 00:10:49,045 autoreload File C:\xampp\htdocs\servidor\django-ticket\venv\Lib\site-packages\django\urls\base.py first seen with mtime 1778214679.1224823
DEBUG 2026-05-08 00:10:49,046 autoreload File C:\xampp\htdocs\servidor\django-ticket\venv\Lib\site-packages\django\db\migrations\operations\__init__.py first seen with mtime 1778214678.8642335
DEBUG 2026-05-08 00:10:49,046 autoreload File C:\xampp\htdocs\servidor\django-ticket\venv\Lib\site-packages\django\core\checks\commands.py first seen with mtime 1778214678.6456342
DEBUG 2026-05-08 00:10:49,046 autoreload File C:\xampp\htdocs\servidor\django-ticket\venv\Lib\site-packages\django\core\handlers\asgi.py first seen with mtime 1778214678.698593
DEBUG 2026-05-08 00:10:49,046 autoreload File C:\xampp\htdocs\servidor\django-ticket\venv\Lib\site-packages\django\template\utils.py first seen with mtime 1778214679.091714
DEBUG 2026-05-08 00:10:49,047 autoreload File C:\xampp\htdocs\servidor\django-ticket\venv\Lib\site-packages\psycopg2\extras.py first seen with mtime 1778214660.761782
DEBUG 2026-05-08 00:10:49,047 autoreload File C:\xampp\htdocs\servidor\django-ticket\venv\Lib\site-packages\django\utils\duration.py first seen with mtime 1778214679.1593351
DEBUG 2026-05-08 00:10:49,047 autoreload File C:\Python314\Lib\argparse.py first seen with mtime 1764976580.0
DEBUG 2026-05-08 00:10:49,047 autoreload File C:\xampp\htdocs\servidor\django-ticket\venv\Lib\site-packages\sqlparse\filters\output.py first seen with mtime 1778214657.5283146
DEBUG 2026-05-08 00:10:49,047 autoreload File C:\Python314\Lib\asyncio\streams.py first seen with mtime 1764976580.0
DEBUG 2026-05-08 00:10:49,048 autoreload File C:\xampp\htdocs\servidor\django-ticket\venv\Lib\site-packages\corsheaders\defaults.py first seen with mtime 1778214686.50561
DEBUG 2026-05-08 00:10:49,048 autoreload File C:\xampp\htdocs\servidor\django-ticket\venv\Lib\site-packages\django\db\models\deletion.py first seen with mtime 1778214678.877595
DEBUG 2026-05-08 00:10:49,048 autoreload File C:\xampp\htdocs\servidor\django-ticket\venv\Lib\site-packages\django\db\backends\base\operations.py first seen with mtime 1778214678.7863548
DEBUG 2026-05-08 00:10:49,048 autoreload File C:\Python314\DLLs\_decimal.pyd first seen with mtime 1764976658.0
DEBUG 2026-05-08 00:10:49,049 autoreload File C:\Python314\Lib\compression\_common\_streams.py first seen with mtime 1764976580.0
DEBUG 2026-05-08 00:10:49,049 autoreload File C:\xampp\htdocs\servidor\django-ticket\venv\Lib\site-packages\django\db\models\functions\datetime.py first seen with mtime 1778214678.901688
DEBUG 2026-05-08 00:10:49,049 autoreload File C:\xampp\htdocs\servidor\django-ticket\venv\Lib\site-packages\django\views\decorators\csp.py first seen with mtime 1778214679.2098672
DEBUG 2026-05-08 00:10:49,049 autoreload File C:\xampp\htdocs\servidor\django-ticket\venv\Lib\site-packages\django\contrib\sites\requests.py first seen with mtime 1778214678.1826599
DEBUG 2026-05-08 00:10:49,050 autoreload File C:\xampp\htdocs\servidor\django-ticket\venv\Lib\site-packages\django\core\checks\security\__init__.py first seen with mtime 1778214678.665904
DEBUG 2026-05-08 00:10:49,050 autoreload File C:\xampp\htdocs\servidor\django-ticket\venv\Lib\site-packages\django\db\backends\base\introspection.py first seen with mtime 1778214678.7853432
DEBUG 2026-05-08 00:10:49,050 autoreload File C:\Python314\Lib\email\_encoded_words.py first seen with mtime 1764976580.0
DEBUG 2026-05-08 00:10:49,050 autoreload File C:\Python314\Lib\compression\zstd\_zstdfile.py first seen with mtime 1764976580.0
DEBUG 2026-05-08 00:10:49,051 autoreload File C:\xampp\htdocs\servidor\django-ticket\venv\Lib\site-packages\django\utils\copy.py first seen with mtime 1778214679.1445296
DEBUG 2026-05-08 00:10:49,051 autoreload File C:\xampp\htdocs\servidor\django-ticket\venv\Lib\site-packages\django\db\models\fields\related.py first seen with mtime 1778214678.8950713
DEBUG 2026-05-08 00:10:49,051 autoreload File C:\xampp\htdocs\servidor\django-ticket\venv\Lib\site-packages\django\db\backends\postgresql\creation.py first seen with mtime 1778214678.8318906
DEBUG 2026-05-08 00:10:49,051 autoreload File C:\xampp\htdocs\servidor\django-ticket\venv\Lib\site-packages\django\utils\termcolors.py first seen with mtime 1778214679.183389
DEBUG 2026-05-08 00:10:49,052 autoreload File C:\Python314\Lib\logging\config.py first seen with mtime 1764976580.0
DEBUG 2026-05-08 00:10:49,052 autoreload File C:\xampp\htdocs\servidor\django-ticket\venv\Lib\site-packages\django\core\files\storage\__init__.py first seen with mtime 1778214678.6919997
DEBUG 2026-05-08 00:10:49,052 autoreload File C:\Python314\Lib\email\encoders.py first seen with mtime 1764976580.0
DEBUG 2026-05-08 00:10:49,052 autoreload File C:\Python314\Lib\email\mime\message.py first seen with mtime 1764976580.0
DEBUG 2026-05-08 00:10:49,052 autoreload File C:\Python314\Lib\asyncio\log.py first seen with mtime 1764976580.0
DEBUG 2026-05-08 00:10:49,053 autoreload File C:\Python314\DLLs\_bz2.pyd first seen with mtime 1764976656.0
DEBUG 2026-05-08 00:10:49,053 autoreload File C:\xampp\htdocs\servidor\django-ticket\venv\Lib\site-packages\django\contrib\auth\apps.py first seen with mtime 1778214672.93242
DEBUG 2026-05-08 00:10:49,053 autoreload File C:\Python314\Lib\shutil.py first seen with mtime 1764976580.0
DEBUG 2026-05-08 00:10:49,053 autoreload File C:\xampp\htdocs\servidor\django-ticket\venv\Lib\site-packages\django\db\backends\__init__.py first seen with mtime 1778214678.7719207
DEBUG 2026-05-08 00:10:49,053 autoreload File C:\Python314\Lib\sysconfig\__init__.py first seen with mtime 1764976580.0
DEBUG 2026-05-08 00:10:49,054 autoreload File C:\Python314\DLLs\_zoneinfo.pyd first seen with mtime 1764976656.0
DEBUG 2026-05-08 00:10:49,054 autoreload File C:\Python314\Lib\zoneinfo\_common.py first seen with mtime 1764976582.0
DEBUG 2026-05-08 00:10:49,055 autoreload File C:\Python314\Lib\asyncio\subprocess.py first seen with mtime 1764976580.0
DEBUG 2026-05-08 00:10:49,055 autoreload File C:\Python314\Lib\struct.py first seen with mtime 1764976580.0
DEBUG 2026-05-08 00:10:49,055 autoreload File C:\xampp\htdocs\servidor\django-ticket\venv\Lib\site-packages\django\utils\datastructures.py first seen with mtime 1778214679.1475248
DEBUG 2026-05-08 00:10:49,056 autoreload File C:\xampp\htdocs\servidor\django-ticket\venv\Lib\site-packages\django\contrib\contenttypes\fields.py first seen with mtime 1778214673.4455884
DEBUG 2026-05-08 00:10:49,056 autoreload File C:\Python314\Lib\wsgiref\util.py first seen with mtime 1764976582.0
DEBUG 2026-05-08 00:10:49,057 autoreload File C:\xampp\htdocs\servidor\django-ticket\venv\Lib\site-packages\django\template\context.py first seen with mtime 1778214679.079325
DEBUG 2026-05-08 00:10:49,057 autoreload File C:\xampp\htdocs\servidor\django-ticket\venv\Lib\site-packages\django\views\generic\list.py first seen with mtime 1778214679.2214925
DEBUG 2026-05-08 00:10:49,057 autoreload File C:\xampp\htdocs\servidor\django-ticket\venv\Lib\site-packages\django\contrib\admin\templatetags\admin_list.py first seen with mtime 1778214672.4745815
DEBUG 2026-05-08 00:10:49,057 autoreload File C:\xampp\htdocs\servidor\django-ticket\venv\Lib\site-packages\django\db\models\functions\json.py first seen with mtime 1778214678.9029653
DEBUG 2026-05-08 00:10:49,058 autoreload File C:\xampp\htdocs\servidor\django-ticket\venv\Lib\site-packages\django\core\files\temp.py first seen with mtime 1778214678.6854715
DEBUG 2026-05-08 00:10:49,058 autoreload File C:\xampp\htdocs\servidor\django-ticket\venv\Lib\site-packages\django\views\decorators\debug.py first seen with mtime 1778214679.211982
DEBUG 2026-05-08 00:10:49,058 autoreload File C:\Python314\Lib\signal.py first seen with mtime 1764976580.0
DEBUG 2026-05-08 00:10:49,058 autoreload File C:\Python314\Lib\wsgiref\headers.py first seen with mtime 1764976582.0
DEBUG 2026-05-08 00:10:49,059 autoreload File C:\xampp\htdocs\servidor\django-ticket\venv\Lib\site-packages\django\db\backends\base\creation.py first seen with mtime 1778214678.7832308
DEBUG 2026-05-08 00:10:49,059 autoreload File C:\xampp\htdocs\servidor\django-ticket\venv\Lib\site-packages\django\core\servers\__init__.py first seen with mtime 1778214678.7679272
DEBUG 2026-05-08 00:10:49,059 autoreload File C:\Python314\Lib\pkgutil.py first seen with mtime 1764976580.0
DEBUG 2026-05-08 00:10:49,059 autoreload File C:\xampp\htdocs\servidor\django-ticket\venv\Lib\site-packages\sqlparse\keywords.py first seen with mtime 1778214657.5196753
DEBUG 2026-05-08 00:10:49,059 autoreload File C:\Python314\Lib\gettext.py first seen with mtime 1764976580.0
DEBUG 2026-05-08 00:10:49,060 autoreload File C:\Python314\Lib\asyncio\windows_events.py first seen with mtime 1764976580.0
DEBUG 2026-05-08 00:10:49,060 autoreload File C:\Python314\Lib\asyncio\base_subprocess.py first seen with mtime 1764976580.0
DEBUG 2026-05-08 00:10:49,060 autoreload File C:\xampp\htdocs\servidor\django-ticket\venv\Lib\site-packages\django\contrib\admin\widgets.py first seen with mtime 1778214671.523638
DEBUG 2026-05-08 00:10:49,060 autoreload File C:\Python314\Lib\hmac.py first seen with mtime 1764976580.0
DEBUG 2026-05-08 00:10:49,061 autoreload File C:\xampp\htdocs\servidor\django-ticket\venv\Lib\site-packages\django\utils\hashable.py first seen with mtime 1778214679.16632
DEBUG 2026-05-08 00:10:49,061 autoreload File C:\xampp\htdocs\servidor\django-ticket\venv\Lib\site-packages\django\views\static.py first seen with mtime 1778214679.202482
DEBUG 2026-05-08 00:10:49,061 autoreload File C:\Python314\Lib\asyncio\mixins.py first seen with mtime 1764976580.0
DEBUG 2026-05-08 00:10:49,062 autoreload File C:\xampp\htdocs\servidor\django-ticket\venv\Lib\site-packages\django\db\models\fields\json.py first seen with mtime 1778214678.893024
DEBUG 2026-05-08 00:10:49,062 autoreload File C:\xampp\htdocs\servidor\django-ticket\venv\Lib\site-packages\django\core\checks\security\base.py first seen with mtime 1778214678.6696582
DEBUG 2026-05-08 00:10:49,062 autoreload File C:\xampp\htdocs\servidor\django-ticket\venv\Lib\site-packages\django\forms\widgets.py first seen with mtime 1778214678.929361
DEBUG 2026-05-08 00:10:49,062 autoreload File C:\xampp\htdocs\servidor\django-ticket\venv\Lib\site-packages\django\http\response.py first seen with mtime 1778214679.049254
DEBUG 2026-05-08 00:10:49,062 autoreload File C:\xampp\htdocs\servidor\django-ticket\venv\Lib\site-packages\django\middleware\csrf.py first seen with mtime 1778214679.0553935
DEBUG 2026-05-08 00:10:49,063 autoreload File C:\xampp\htdocs\servidor\django-ticket\venv\Lib\site-packages\django\db\backends\base\features.py first seen with mtime 1778214678.7842288
DEBUG 2026-05-08 00:10:49,063 autoreload File C:\xampp\htdocs\servidor\django-ticket\venv\Lib\site-packages\psycopg2\_ipaddress.py first seen with mtime 1778214660.8316236
DEBUG 2026-05-08 00:10:49,063 autoreload File C:\xampp\htdocs\servidor\django-ticket\venv\Lib\site-packages\django\db\backends\base\client.py first seen with mtime 1778214678.781824
DEBUG 2026-05-08 00:10:49,063 autoreload File C:\Python314\Lib\platform.py first seen with mtime 1764976580.0
DEBUG 2026-05-08 00:10:49,064 autoreload File C:\Python314\Lib\asyncio\threads.py first seen with mtime 1764976580.0
DEBUG 2026-05-08 00:10:49,064 autoreload File C:\xampp\htdocs\servidor\django-ticket\venv\Lib\site-packages\sqlparse\tokens.py first seen with mtime 1778214657.5218372
DEBUG 2026-05-08 00:10:49,064 autoreload File C:\Python314\Lib\html\entities.py first seen with mtime 1764976580.0
DEBUG 2026-05-08 00:10:49,064 autoreload File C:\xampp\htdocs\servidor\django-ticket\venv\Lib\site-packages\django\apps\registry.py first seen with mtime 1778214670.9848804
DEBUG 2026-05-08 00:10:49,065 autoreload File C:\xampp\htdocs\servidor\django-ticket\venv\Lib\site-packages\django\core\files\storage\handler.py first seen with mtime 1778214678.6940134
DEBUG 2026-05-08 00:10:49,065 autoreload File C:\xampp\htdocs\servidor\django-ticket\venv\Lib\site-packages\django\utils\inspect.py first seen with mtime 1778214679.169837
DEBUG 2026-05-08 00:10:49,065 autoreload File C:\xampp\htdocs\servidor\django-ticket\venv\Lib\site-packages\django\contrib\auth\templatetags\auth.py first seen with mtime 1778214673.439927
DEBUG 2026-05-08 00:10:49,065 autoreload File C:\xampp\htdocs\servidor\django-ticket\venv\Lib\site-packages\django\views\decorators\__init__.py first seen with mtime 1778214679.203486
DEBUG 2026-05-08 00:10:49,065 autoreload File C:\xampp\htdocs\servidor\django-ticket\authentication\apps.py first seen with mtime 1778216945.7825258
DEBUG 2026-05-08 00:10:49,066 autoreload File C:\xampp\htdocs\servidor\django-ticket\venv\Lib\site-packages\django\db\models\enums.py first seen with mtime 1778214678.8786001
DEBUG 2026-05-08 00:10:49,066 autoreload File C:\xampp\htdocs\servidor\django-ticket\venv\Lib\site-packages\colorama\winterm.py first seen with mtime 1778214662.217183
DEBUG 2026-05-08 00:10:49,066 autoreload File C:\xampp\htdocs\servidor\django-ticket\venv\Lib\site-packages\django\views\generic\detail.py first seen with mtime 1778214679.2194986
DEBUG 2026-05-08 00:10:49,066 autoreload File C:\Python314\Lib\contextlib.py first seen with mtime 1764976580.0
DEBUG 2026-05-08 00:10:49,067 autoreload File C:\xampp\htdocs\servidor\django-ticket\venv\Lib\site-packages\django\db\models\functions\window.py first seen with mtime 1778214678.9085128
DEBUG 2026-05-08 00:10:49,067 autoreload File C:\xampp\htdocs\servidor\django-ticket\venv\Lib\site-packages\django\contrib\messages\storage\__init__.py first seen with mtime 1778214676.9119878
DEBUG 2026-05-08 00:10:49,067 autoreload File C:\xampp\htdocs\servidor\django-ticket\venv\Lib\site-packages\django\forms\fields.py first seen with mtime 1778214678.9236548
DEBUG 2026-05-08 00:10:49,067 autoreload File C:\xampp\htdocs\servidor\django-ticket\venv\Lib\site-packages\django\core\signals.py first seen with mtime 1778214678.6235547
DEBUG 2026-05-08 00:10:49,067 autoreload File C:\Python314\Lib\enum.py first seen with mtime 1764976580.0
DEBUG 2026-05-08 00:10:49,068 autoreload File C:\xampp\htdocs\servidor\django-ticket\venv\Lib\site-packages\django\utils\timezone.py first seen with mtime 1778214679.1854005
DEBUG 2026-05-08 00:10:49,068 autoreload File C:\Python314\Lib\encodings\__init__.py first seen with mtime 1764976580.0
DEBUG 2026-05-08 00:10:49,068 autoreload File C:\Python314\Lib\gzip.py first seen with mtime 1764976580.0
DEBUG 2026-05-08 00:10:49,068 autoreload File C:\xampp\htdocs\servidor\django-ticket\venv\Lib\site-packages\django\forms\forms.py first seen with mtime 1778214678.9246697
DEBUG 2026-05-08 00:10:49,068 autoreload File C:\xampp\htdocs\servidor\django-ticket\venv\Lib\site-packages\django\templatetags\__init__.py first seen with mtime 1778214679.1029158
DEBUG 2026-05-08 00:10:49,069 autoreload File C:\xampp\htdocs\servidor\django-ticket\venv\Lib\site-packages\whitenoise\base.py first seen with mtime 1778214656.783139
DEBUG 2026-05-08 00:10:49,069 autoreload File C:\xampp\htdocs\servidor\django-ticket\venv\Lib\site-packages\django\contrib\__init__.py first seen with mtime 1778214671.5038395
DEBUG 2026-05-08 00:10:49,069 autoreload File C:\Python314\Lib\asyncio\sslproto.py first seen with mtime 1764976580.0
DEBUG 2026-05-08 00:10:49,069 autoreload File C:\Python314\Lib\asyncio\futures.py first seen with mtime 1764976580.0
DEBUG 2026-05-08 00:10:49,070 autoreload File C:\xampp\htdocs\servidor\django-ticket\venv\Lib\site-packages\django\core\cache\backends\filebased.py first seen with mtime 1778214678.6340742
DEBUG 2026-05-08 00:10:49,070 autoreload File C:\xampp\htdocs\servidor\django-ticket\venv\Lib\site-packages\django\utils\translation\trans_real.py first seen with mtime 1778214679.194903
DEBUG 2026-05-08 00:10:49,070 autoreload File C:\Python314\Lib\operator.py first seen with mtime 1764976580.0
DEBUG 2026-05-08 00:10:49,070 autoreload File C:\Python314\Lib\email\utils.py first seen with mtime 1764976580.0
DEBUG 2026-05-08 00:10:49,071 autoreload File C:\xampp\htdocs\servidor\django-ticket\venv\Lib\site-packages\corsheaders\conf.py first seen with mtime 1778214686.50561
DEBUG 2026-05-08 00:10:49,072 autoreload File C:\xampp\htdocs\servidor\django-ticket\venv\Lib\site-packages\django\__init__.py first seen with mtime 1778214670.9772818
DEBUG 2026-05-08 00:10:49,072 autoreload File C:\xampp\htdocs\servidor\django-ticket\venv\Lib\site-packages\django\views\generic\__init__.py first seen with mtime 1778214679.2159717
DEBUG 2026-05-08 00:10:49,072 autoreload File C:\xampp\htdocs\servidor\django-ticket\venv\Lib\site-packages\django\db\backends\postgresql\base.py first seen with mtime 1778214678.8298738
DEBUG 2026-05-08 00:10:49,073 autoreload File C:\xampp\htdocs\servidor\django-ticket\venv\Lib\site-packages\django\core\checks\security\csrf.py first seen with mtime 1778214678.6716845
DEBUG 2026-05-08 00:10:49,073 autoreload File C:\xampp\htdocs\servidor\django-ticket\venv\Lib\site-packages\django\utils\module_loading.py first seen with mtime 1778214679.1794684
DEBUG 2026-05-08 00:10:49,073 autoreload File C:\xampp\htdocs\servidor\django-ticket\venv\Lib\site-packages\django\contrib\contenttypes\models.py first seen with mtime 1778214673.447098
DEBUG 2026-05-08 00:10:49,073 autoreload File C:\Python314\Lib\traceback.py first seen with mtime 1764976582.0
DEBUG 2026-05-08 00:10:49,074 autoreload File C:\Python314\Lib\email\policy.py first seen with mtime 1764976580.0
DEBUG 2026-05-08 00:10:49,074 autoreload File C:\xampp\htdocs\servidor\django-ticket\venv\Lib\site-packages\django\http\request.py first seen with mtime 1778214679.049254
DEBUG 2026-05-08 00:10:49,074 autoreload File C:\xampp\htdocs\servidor\django-ticket\venv\Lib\site-packages\django\contrib\sessions\apps.py first seen with mtime 1778214677.7055106
DEBUG 2026-05-08 00:10:49,074 autoreload File C:\xampp\htdocs\servidor\django-ticket\venv\Lib\site-packages\sqlparse\engine\statement_splitter.py first seen with mtime 1778214657.5246153
DEBUG 2026-05-08 00:10:49,074 autoreload File C:\xampp\htdocs\servidor\django-ticket\venv\Lib\site-packages\django\db\backends\signals.py first seen with mtime 1778214678.774933
DEBUG 2026-05-08 00:10:49,075 autoreload File C:\xampp\htdocs\servidor\django-ticket\venv\Lib\site-packages\django\db\utils.py first seen with mtime 1778214678.7709236
DEBUG 2026-05-08 00:10:49,075 autoreload File C:\xampp\htdocs\servidor\django-ticket\venv\Lib\site-packages\django\core\checks\urls.py first seen with mtime 1778214678.6609166
DEBUG 2026-05-08 00:10:49,075 autoreload File C:\xampp\htdocs\servidor\django-ticket\transactions\apps.py first seen with mtime 1778216958.841638
DEBUG 2026-05-08 00:10:49,075 autoreload File C:\xampp\htdocs\servidor\django-ticket\venv\Lib\site-packages\django\contrib\admin\views\autocomplete.py first seen with mtime 1778214672.4852297
DEBUG 2026-05-08 00:10:49,076 autoreload File C:\xampp\htdocs\servidor\django-ticket\venv\Lib\site-packages\django\template\backends\__init__.py first seen with mtime 1778214679.0929327
DEBUG 2026-05-08 00:10:49,076 autoreload File C:\xampp\htdocs\servidor\django-ticket\venv\Lib\site-packages\django\db\models\options.py first seen with mtime 1778214678.8841882
DEBUG 2026-05-08 00:10:49,076 autoreload File C:\xampp\htdocs\servidor\django-ticket\venv\Lib\site-packages\django\db\models\indexes.py first seen with mtime 1778214678.880632
DEBUG 2026-05-08 00:10:49,076 autoreload File C:\xampp\htdocs\servidor\django-ticket\venv\Lib\site-packages\django\contrib\auth\__init__.py first seen with mtime 1778214672.9304116
DEBUG 2026-05-08 00:10:49,076 autoreload File C:\Python314\Lib\json\encoder.py first seen with mtime 1764976580.0
DEBUG 2026-05-08 00:10:49,077 autoreload File C:\Python314\Lib\encodings\cp1252.py first seen with mtime 1764976580.0
DEBUG 2026-05-08 00:10:49,077 autoreload File C:\Python314\Lib\dataclasses.py first seen with mtime 1764976580.0
DEBUG 2026-05-08 00:10:49,077 autoreload File C:\Python314\Lib\lzma.py first seen with mtime 1764976580.0
DEBUG 2026-05-08 00:10:49,078 autoreload File C:\Python314\Lib\asyncio\locks.py first seen with mtime 1764976580.0
DEBUG 2026-05-08 00:10:49,078 autoreload File C:\Python314\Lib\numbers.py first seen with mtime 1764976580.0
DEBUG 2026-05-08 00:10:49,078 autoreload File C:\Python314\Lib\re\_parser.py first seen with mtime 1764976580.0
DEBUG 2026-05-08 00:10:49,079 autoreload File C:\xampp\htdocs\servidor\django-ticket\venv\Lib\site-packages\django\urls\exceptions.py first seen with mtime 1778214679.1268492
DEBUG 2026-05-08 00:10:49,079 autoreload File C:\Python314\DLLs\_ctypes.pyd first seen with mtime 1764976658.0
DEBUG 2026-05-08 00:10:49,079 autoreload File C:\xampp\htdocs\servidor\django-ticket\venv\Lib\site-packages\django\contrib\staticfiles\views.py first seen with mtime 1778214678.60463
DEBUG 2026-05-08 00:10:49,079 autoreload File C:\xampp\htdocs\servidor\django-ticket\venv\Lib\site-packages\django\template\loaders\__init__.py first seen with mtime 1778214679.0972886
DEBUG 2026-05-08 00:10:49,080 autoreload File C:\xampp\htdocs\servidor\django-ticket\venv\Lib\site-packages\django\utils\cache.py first seen with mtime 1778214679.1381392
DEBUG 2026-05-08 00:10:49,080 autoreload File C:\xampp\htdocs\servidor\django-ticket\venv\Lib\site-packages\django\core\files\utils.py first seen with mtime 1778214678.6895785
DEBUG 2026-05-08 00:10:49,080 autoreload File C:\Python314\Lib\importlib\__init__.py first seen with mtime 1764976580.0
DEBUG 2026-05-08 00:10:49,081 autoreload File C:\xampp\htdocs\servidor\django-ticket\venv\Lib\site-packages\django\contrib\staticfiles\finders.py first seen with mtime 1778214678.5982094
DEBUG 2026-05-08 00:10:49,081 autoreload File C:\Python314\Lib\email\errors.py first seen with mtime 1764976580.0
DEBUG 2026-05-08 00:10:49,081 autoreload File C:\Python314\Lib\concurrent\futures\thread.py first seen with mtime 1764976580.0
DEBUG 2026-05-08 00:10:49,081 autoreload File C:\xampp\htdocs\servidor\django-ticket\venv\Lib\site-packages\django\core\checks\database.py first seen with mtime 1778214678.6471438
DEBUG 2026-05-08 00:10:49,082 autoreload File C:\xampp\htdocs\servidor\django-ticket\venv\Lib\site-packages\drf_spectacular\apps.py first seen with mtime 1778214687.1183732
DEBUG 2026-05-08 00:10:49,082 autoreload File C:\xampp\htdocs\servidor\django-ticket\venv\Lib\site-packages\django\template\loader.py first seen with mtime 1778214679.0873368
DEBUG 2026-05-08 00:10:49,082 autoreload File C:\xampp\htdocs\servidor\django-ticket\venv\Lib\site-packages\django\contrib\auth\management\__init__.py first seen with mtime 1778214673.4185448
DEBUG 2026-05-08 00:10:49,082 autoreload File C:\xampp\htdocs\servidor\django-ticket\venv\Lib\site-packages\django\core\files\base.py first seen with mtime 1778214678.679948
DEBUG 2026-05-08 00:10:49,082 autoreload File C:\xampp\htdocs\servidor\django-ticket\venv\Lib\site-packages\django\http\__init__.py first seen with mtime 1778214679.046213
DEBUG 2026-05-08 00:10:49,083 autoreload File C:\Python314\Lib\http\cookies.py first seen with mtime 1764976580.0
DEBUG 2026-05-08 00:10:49,083 autoreload File C:\Python314\Lib\importlib\_abc.py first seen with mtime 1764976580.0
DEBUG 2026-05-08 00:10:49,083 autoreload File C:\Python314\Lib\email\parser.py first seen with mtime 1764976580.0
DEBUG 2026-05-08 00:10:49,083 autoreload File C:\xampp\htdocs\servidor\django-ticket\venv\Lib\site-packages\django\db\backends\postgresql\compiler.py first seen with mtime 1778214678.8318906
DEBUG 2026-05-08 00:10:49,084 autoreload File C:\Python314\Lib\urllib\__init__.py first seen with mtime 1764976582.0
DEBUG 2026-05-08 00:10:49,084 autoreload File C:\xampp\htdocs\servidor\django-ticket\venv\Lib\site-packages\django\core\cache\backends\__init__.py first seen with mtime 1778214678.6300845
DEBUG 2026-05-08 00:10:49,084 autoreload File C:\xampp\htdocs\servidor\django-ticket\venv\Lib\site-packages\django\contrib\auth\password_validation.py first seen with mtime 1778214672.9435797
DEBUG 2026-05-08 00:10:49,084 autoreload File C:\xampp\htdocs\servidor\django-ticket\venv\Lib\site-packages\django\core\handlers\wsgi.py first seen with mtime 1778214678.7018135
DEBUG 2026-05-08 00:10:49,084 autoreload File C:\xampp\htdocs\servidor\django-ticket\venv\Lib\site-packages\django\core\wsgi.py first seen with mtime 1778214678.6265452
DEBUG 2026-05-08 00:10:49,085 autoreload File C:\xampp\htdocs\servidor\django-ticket\venv\Lib\site-packages\django\db\models\constants.py first seen with mtime 1778214678.8750935
DEBUG 2026-05-08 00:10:49,085 autoreload File C:\xampp\htdocs\servidor\django-ticket\venv\Lib\site-packages\django\utils\__init__.py first seen with mtime 1778214679.130371
DEBUG 2026-05-08 00:10:49,085 autoreload File C:\xampp\htdocs\servidor\django-ticket\venv\Lib\site-packages\django\db\models\functions\math.py first seen with mtime 1778214678.9039707
DEBUG 2026-05-08 00:10:49,085 autoreload File C:\xampp\htdocs\servidor\django-ticket\venv\Lib\site-packages\django\db\migrations\operations\base.py first seen with mtime 1778214678.8652306
DEBUG 2026-05-08 00:10:49,085 autoreload File C:\Python314\Lib\subprocess.py first seen with mtime 1764976580.0
DEBUG 2026-05-08 00:10:49,086 autoreload File C:\Python314\Lib\token.py first seen with mtime 1764976580.0
DEBUG 2026-05-08 00:10:49,086 autoreload File C:\Python314\Lib\wsgiref\__init__.py first seen with mtime 1764976582.0
DEBUG 2026-05-08 00:10:49,086 autoreload File C:\xampp\htdocs\servidor\django-ticket\venv\Lib\site-packages\django\core\checks\compatibility\__init__.py first seen with mtime 1778214678.6629124
DEBUG 2026-05-08 00:10:49,086 autoreload File C:\Python314\Lib\string\__init__.py first seen with mtime 1764976580.0
DEBUG 2026-05-08 00:10:49,087 autoreload File C:\xampp\htdocs\servidor\django-ticket\venv\Lib\site-packages\django\db\models\fields\proxy.py first seen with mtime 1778214678.8950713
DEBUG 2026-05-08 00:10:49,087 autoreload File C:\xampp\htdocs\servidor\django-ticket\venv\Lib\site-packages\django\forms\__init__.py first seen with mtime 1778214678.9216082
DEBUG 2026-05-08 00:10:49,088 autoreload File C:\xampp\htdocs\servidor\django-ticket\venv\Lib\site-packages\django\contrib\staticfiles\management\commands\__init__.py first seen with mtime 1778214678.6083941
DEBUG 2026-05-08 00:10:49,088 autoreload File C:\Python314\Lib\locale.py first seen with mtime 1764976580.0
DEBUG 2026-05-08 00:10:49,088 autoreload File C:\xampp\htdocs\servidor\django-ticket\venv\Lib\site-packages\django\core\checks\async_checks.py first seen with mtime 1778214678.6406481
DEBUG 2026-05-08 00:10:49,089 autoreload File C:\xampp\htdocs\servidor\django-ticket\venv\Lib\site-packages\django\utils\text.py first seen with mtime 1778214679.1843946
DEBUG 2026-05-08 00:10:49,089 autoreload File C:\xampp\htdocs\servidor\django-ticket\venv\Lib\site-packages\django\core\management\commands\runserver.py first seen with mtime 1778214678.748518
DEBUG 2026-05-08 00:10:49,089 autoreload File C:\xampp\htdocs\servidor\django-ticket\venv\Lib\site-packages\django\dispatch\dispatcher.py first seen with mtime 1778214678.9194775
DEBUG 2026-05-08 00:10:49,089 autoreload File C:\Python314\Lib\re\_casefix.py first seen with mtime 1764976580.0
DEBUG 2026-05-08 00:10:49,090 autoreload File C:\Python314\Lib\ctypes\_layout.py first seen with mtime 1764976580.0
DEBUG 2026-05-08 00:10:49,090 autoreload File C:\Python314\Lib\bz2.py first seen with mtime 1764976580.0
DEBUG 2026-05-08 00:10:49,090 autoreload File C:\Python314\Lib\urllib\request.py first seen with mtime 1764976582.0
DEBUG 2026-05-08 00:10:49,090 autoreload File C:\xampp\htdocs\servidor\django-ticket\venv\Lib\site-packages\django\core\servers\basehttp.py first seen with mtime 1778214678.7689264
DEBUG 2026-05-08 00:10:49,091 autoreload File C:\xampp\htdocs\servidor\django-ticket\venv\Lib\site-packages\django\utils\dates.py first seen with mtime 1778214679.1524875
DEBUG 2026-05-08 00:10:49,091 autoreload File C:\Python314\Lib\tokenize.py first seen with mtime 1764976580.0
DEBUG 2026-05-08 00:10:49,091 autoreload File C:\Python314\Lib\asyncio\taskgroups.py first seen with mtime 1764976580.0
DEBUG 2026-05-08 00:10:49,091 autoreload File C:\xampp\htdocs\servidor\django-ticket\venv\Lib\site-packages\django\contrib\sites\__init__.py first seen with mtime 1778214678.1675985
DEBUG 2026-05-08 00:10:49,092 autoreload File C:\xampp\htdocs\servidor\django-ticket\venv\Lib\site-packages\django\db\backends\ddl_references.py first seen with mtime 1778214678.773936
DEBUG 2026-05-08 00:10:49,092 autoreload File C:\xampp\htdocs\servidor\django-ticket\venv\Lib\site-packages\django\db\transaction.py first seen with mtime 1778214678.7709236
DEBUG 2026-05-08 00:10:49,092 autoreload File C:\xampp\htdocs\servidor\django-ticket\venv\Lib\site-packages\django\contrib\admin\templatetags\__init__.py first seen with mtime 1778214672.4732068
DEBUG 2026-05-08 00:10:49,092 autoreload File C:\xampp\htdocs\servidor\django-ticket\venv\Lib\site-packages\django\contrib\auth\templatetags\__init__.py first seen with mtime 1778214673.4389267
DEBUG 2026-05-08 00:10:49,093 autoreload File C:\xampp\htdocs\servidor\django-ticket\venv\Lib\site-packages\django\contrib\admin\helpers.py first seen with mtime 1778214671.5157385
DEBUG 2026-05-08 00:10:49,093 autoreload File C:\xampp\htdocs\servidor\django-ticket\venv\Lib\site-packages\django\dispatch\__init__.py first seen with mtime 1778214678.9184768
DEBUG 2026-05-08 00:10:49,093 autoreload File C:\xampp\htdocs\servidor\django-ticket\venv\Lib\site-packages\django\urls\utils.py first seen with mtime 1778214679.1293697
DEBUG 2026-05-08 00:10:49,093 autoreload File C:\Python314\Lib\textwrap.py first seen with mtime 1764976580.0
DEBUG 2026-05-08 00:10:49,093 autoreload File C:\Python314\Lib\queue.py first seen with mtime 1764976580.0
DEBUG 2026-05-08 00:10:49,094 autoreload File C:\xampp\htdocs\servidor\django-ticket\venv\Lib\site-packages\django\core\handlers\base.py first seen with mtime 1778214678.6996114
DEBUG 2026-05-08 00:10:49,094 autoreload File C:\xampp\htdocs\servidor\django-ticket\venv\Lib\site-packages\django\contrib\auth\admin.py first seen with mtime 1778214672.9314165
DEBUG 2026-05-08 00:10:49,094 autoreload File C:\xampp\htdocs\servidor\django-ticket\venv\Lib\site-packages\django\contrib\messages\storage\base.py first seen with mtime 1778214676.9139826
DEBUG 2026-05-08 00:10:49,094 autoreload File C:\Python314\Lib\json\scanner.py first seen with mtime 1764976580.0
DEBUG 2026-05-08 00:10:49,095 autoreload File C:\xampp\htdocs\servidor\django-ticket\venv\Lib\site-packages\colorama\ansi.py first seen with mtime 1778214662.2141912
DEBUG 2026-05-08 00:10:49,095 autoreload File C:\Python314\Lib\asyncio\coroutines.py first seen with mtime 1764976580.0
DEBUG 2026-05-08 00:10:49,096 autoreload File C:\xampp\htdocs\servidor\django-ticket\venv\Lib\site-packages\django\forms\utils.py first seen with mtime 1778214678.9283557
DEBUG 2026-05-08 00:10:49,096 autoreload File C:\xampp\htdocs\servidor\django-ticket\venv\Lib\site-packages\psycopg2\_range.py first seen with mtime 1778214660.833975
DEBUG 2026-05-08 00:10:49,097 autoreload File C:\xampp\htdocs\servidor\django-ticket\venv\Lib\site-packages\django\contrib\contenttypes\views.py first seen with mtime 1778214673.4491248
DEBUG 2026-05-08 00:10:49,097 autoreload File C:\Python314\Lib\urllib\response.py first seen with mtime 1764976582.0
DEBUG 2026-05-08 00:10:49,097 autoreload File C:\xampp\htdocs\servidor\django-ticket\venv\Lib\site-packages\django\db\models\sql\where.py first seen with mtime 1778214678.9173758
DEBUG 2026-05-08 00:10:49,097 autoreload File C:\xampp\htdocs\servidor\django-ticket\venv\Lib\site-packages\django\utils\numberformat.py first seen with mtime 1778214679.1808593
DEBUG 2026-05-08 00:10:49,098 autoreload File C:\Python314\Lib\_colorize.py first seen with mtime 1764976580.0
DEBUG 2026-05-08 00:10:49,098 autoreload File C:\xampp\htdocs\servidor\django-ticket\venv\Lib\site-packages\django\db\models\functions\comparison.py first seen with mtime 1778214678.901688
DEBUG 2026-05-08 00:10:49,098 autoreload File C:\xampp\htdocs\servidor\django-ticket\venv\Lib\site-packages\django\template\defaulttags.py first seen with mtime 1778214679.083166
DEBUG 2026-05-08 00:10:49,098 autoreload File C:\Python314\Lib\warnings.py first seen with mtime 1764976582.0
DEBUG 2026-05-08 00:10:49,099 autoreload File C:\xampp\htdocs\servidor\django-ticket\venv\Lib\site-packages\django\core\management\commands\__init__.py first seen with mtime 1778214678.7272942
DEBUG 2026-05-08 00:10:49,099 autoreload File C:\Python314\Lib\encodings\aliases.py first seen with mtime 1764976580.0
DEBUG 2026-05-08 00:10:49,099 autoreload File C:\xampp\htdocs\servidor\django-ticket\venv\Lib\site-packages\django\template\__init__.py first seen with mtime 1778214679.0709376
DEBUG 2026-05-08 00:10:49,099 autoreload File C:\xampp\htdocs\servidor\django-ticket\venv\Lib\site-packages\django\contrib\messages\api.py first seen with mtime 1778214676.89751
DEBUG 2026-05-08 00:10:49,099 autoreload File C:\Python314\Lib\inspect.py first seen with mtime 1764976580.0
DEBUG 2026-05-08 00:10:49,100 autoreload File C:\xampp\htdocs\servidor\django-ticket\venv\Lib\site-packages\django\utils\version.py first seen with mtime 1778214679.1879134
DEBUG 2026-05-08 00:10:49,100 autoreload File C:\xampp\htdocs\servidor\django-ticket\django_ticket\settings.py first seen with mtime 1778216991.8463619
DEBUG 2026-05-08 00:10:49,100 autoreload File C:\Python314\Lib\opcode.py first seen with mtime 1764976580.0
DEBUG 2026-05-08 00:10:49,100 autoreload File C:\Python314\Lib\base64.py first seen with mtime 1764976580.0
DEBUG 2026-05-08 00:10:49,100 autoreload File C:\xampp\htdocs\servidor\django-ticket\venv\Lib\site-packages\corsheaders\apps.py first seen with mtime 1778214686.5004141
DEBUG 2026-05-08 00:10:49,101 autoreload File C:\Python314\Lib\mimetypes.py first seen with mtime 1764976580.0
DEBUG 2026-05-08 00:10:49,101 autoreload File C:\xampp\htdocs\servidor\django-ticket\venv\Lib\site-packages\django\template\response.py first seen with mtime 1778214679.0893793
DEBUG 2026-05-08 00:10:49,101 autoreload File C:\xampp\htdocs\servidor\django-ticket\venv\Lib\site-packages\django\views\generic\base.py first seen with mtime 1778214679.21748
DEBUG 2026-05-08 00:10:49,101 autoreload File C:\Python314\DLLs\_overlapped.pyd first seen with mtime 1764976656.0
DEBUG 2026-05-08 00:10:49,102 autoreload File C:\xampp\htdocs\servidor\django-ticket\venv\Lib\site-packages\django\db\backends\utils.py first seen with mtime 1778214678.775931
DEBUG 2026-05-08 00:10:49,102 autoreload File C:\xampp\htdocs\servidor\django-ticket\venv\Lib\site-packages\django\contrib\admin\templatetags\admin_urls.py first seen with mtime 1778214672.4801493
DEBUG 2026-05-08 00:10:49,102 autoreload File C:\Python314\Lib\asyncio\base_tasks.py first seen with mtime 1764976580.0
DEBUG 2026-05-08 00:10:49,102 autoreload File C:\Python314\Lib\fnmatch.py first seen with mtime 1764976580.0
DEBUG 2026-05-08 00:10:49,103 autoreload File C:\Python314\Lib\asyncio\trsock.py first seen with mtime 1764976580.0
DEBUG 2026-05-08 00:10:49,103 autoreload File C:\xampp\htdocs\servidor\django-ticket\venv\Lib\site-packages\django\core\management\__init__.py first seen with mtime 1778214678.719633
DEBUG 2026-05-08 00:10:49,103 autoreload File C:\Python314\Lib\bisect.py first seen with mtime 1764976580.0
DEBUG 2026-05-08 00:10:49,103 autoreload File C:\xampp\htdocs\servidor\django-ticket\venv\Lib\site-packages\django\templatetags\i18n.py first seen with mtime 1778214679.1055396
DEBUG 2026-05-08 00:10:49,104 autoreload File C:\xampp\htdocs\servidor\django-ticket\venv\Lib\site-packages\colorama\initialise.py first seen with mtime 1778214662.215188
DEBUG 2026-05-08 00:10:49,104 autoreload File C:\Python314\DLLs\_ssl.pyd first seen with mtime 1764976658.0
DEBUG 2026-05-08 00:10:49,104 autoreload File C:\xampp\htdocs\servidor\django-ticket\venv\Lib\site-packages\django\core\checks\messages.py first seen with mtime 1778214678.6491573
DEBUG 2026-05-08 00:10:49,105 autoreload File C:\Python314\Lib\random.py first seen with mtime 1764976580.0
DEBUG 2026-05-08 00:10:49,105 autoreload File C:\xampp\htdocs\servidor\django-ticket\venv\Lib\site-packages\whitenoise\media_types.py first seen with mtime 1778214656.7841418
DEBUG 2026-05-08 00:10:49,105 autoreload File C:\xampp\htdocs\servidor\django-ticket\venv\Lib\site-packages\django\core\cache\utils.py first seen with mtime 1778214678.6290843
DEBUG 2026-05-08 00:10:49,105 autoreload File C:\Python314\Lib\_compat_pickle.py first seen with mtime 1764976580.0
DEBUG 2026-05-08 00:10:49,106 autoreload File C:\Python314\Lib\types.py first seen with mtime 1764976582.0
DEBUG 2026-05-08 00:10:49,106 autoreload File C:\Python314\Lib\weakref.py first seen with mtime 1764976582.0
DEBUG 2026-05-08 00:10:49,106 autoreload File C:\Python314\Lib\typing.py first seen with mtime 1764976582.0
DEBUG 2026-05-08 00:10:49,106 autoreload File C:\Python314\Lib\http\server.py first seen with mtime 1764976580.0
DEBUG 2026-05-08 00:10:49,106 autoreload File C:\xampp\htdocs\servidor\django-ticket\venv\Lib\site-packages\django\db\backends\base\schema.py first seen with mtime 1778214678.7873547
DEBUG 2026-05-08 00:10:49,107 autoreload File C:\xampp\htdocs\servidor\django-ticket\venv\Lib\site-packages\django\db\models\fields\generated.py first seen with mtime 1778214678.893024
DEBUG 2026-05-08 00:10:49,107 autoreload File C:\xampp\htdocs\servidor\django-ticket\transactions\models.py first seen with mtime 1778216958.8426352
DEBUG 2026-05-08 00:10:49,107 autoreload File C:\Python314\Lib\asyncio\base_events.py first seen with mtime 1764976580.0
DEBUG 2026-05-08 00:10:49,107 autoreload File C:\Python314\Lib\email\contentmanager.py first seen with mtime 1764976580.0
DEBUG 2026-05-08 00:10:49,108 autoreload File C:\Python314\Lib\zoneinfo\_tzpath.py first seen with mtime 1764976582.0
DEBUG 2026-05-08 00:10:49,108 autoreload File C:\xampp\htdocs\servidor\django-ticket\venv\Lib\site-packages\django\db\models\sql\datastructures.py first seen with mtime 1778214678.9136786
DEBUG 2026-05-08 00:10:49,108 autoreload File C:\xampp\htdocs\servidor\django-ticket\services\apps.py first seen with mtime 1778216969.9959419
DEBUG 2026-05-08 00:10:49,109 autoreload File C:\Python314\Lib\email\quoprimime.py first seen with mtime 1764976580.0
DEBUG 2026-05-08 00:10:49,109 autoreload File C:\Python314\Lib\asyncio\__init__.py first seen with mtime 1764976580.0
DEBUG 2026-05-08 00:10:49,109 autoreload File C:\Python314\Lib\datetime.py first seen with mtime 1764976580.0
DEBUG 2026-05-08 00:10:49,109 autoreload File C:\Python314\Lib\email\message.py first seen with mtime 1764976580.0
DEBUG 2026-05-08 00:10:49,110 autoreload File C:\Python314\Lib\encodings\_win_cp_codecs.py first seen with mtime 1764976580.0
DEBUG 2026-05-08 00:10:49,110 autoreload File C:\xampp\htdocs\servidor\django-ticket\venv\Lib\site-packages\django\contrib\staticfiles\management\__init__.py first seen with mtime 1778214678.6058671
DEBUG 2026-05-08 00:10:49,110 autoreload File C:\Python314\Lib\pprint.py first seen with mtime 1764976580.0
DEBUG 2026-05-08 00:10:49,110 autoreload File C:\xampp\htdocs\servidor\django-ticket\venv\Lib\site-packages\django\core\checks\security\sessions.py first seen with mtime 1778214678.676074
DEBUG 2026-05-08 00:10:49,111 autoreload File C:\xampp\htdocs\servidor\django-ticket\venv\Lib\site-packages\django\apps\config.py first seen with mtime 1778214670.9838734
DEBUG 2026-05-08 00:10:49,112 autoreload File C:\xampp\htdocs\servidor\django-ticket\venv\Lib\site-packages\django\core\files\uploadhandler.py first seen with mtime 1778214678.6871607
DEBUG 2026-05-08 00:10:49,112 autoreload File C:\xampp\htdocs\servidor\django-ticket\venv\Lib\site-packages\django\db\migrations\operations\fields.py first seen with mtime 1778214678.8672252
DEBUG 2026-05-08 00:10:49,113 autoreload File C:\xampp\htdocs\servidor\django-ticket\venv\Lib\site-packages\sqlparse\engine\grouping.py first seen with mtime 1778214657.5246153
DEBUG 2026-05-08 00:10:49,113 autoreload File C:\xampp\htdocs\servidor\django-ticket\venv\Lib\site-packages\django\conf\locale\__init__.py first seen with mtime 1778214670.9949949
DEBUG 2026-05-08 00:10:49,113 autoreload File C:\Python314\Lib\pathlib\__init__.py first seen with mtime 1764976580.0
DEBUG 2026-05-08 00:10:49,113 autoreload File C:\xampp\htdocs\servidor\django-ticket\venv\Lib\site-packages\sqlparse\engine\filter_stack.py first seen with mtime 1778214657.5232995
DEBUG 2026-05-08 00:10:49,114 autoreload File C:\Python314\Lib\asyncio\timeouts.py first seen with mtime 1764976580.0
DEBUG 2026-05-08 00:10:49,114 autoreload File C:\xampp\htdocs\servidor\django-ticket\authentication\models.py first seen with mtime 1778216945.7845519
DEBUG 2026-05-08 00:10:49,114 autoreload File C:\Python314\Lib\encodings\utf_8.py first seen with mtime 1764976580.0
DEBUG 2026-05-08 00:10:49,114 autoreload File C:\Python314\Lib\asyncio\staggered.py first seen with mtime 1764976580.0
DEBUG 2026-05-08 00:10:49,115 autoreload File C:\Python314\Lib\html\parser.py first seen with mtime 1764976580.0
DEBUG 2026-05-08 00:10:49,115 autoreload File C:\xampp\htdocs\servidor\django-ticket\venv\Lib\site-packages\django\db\backends\postgresql\schema.py first seen with mtime 1778214678.8360426
DEBUG 2026-05-08 00:10:49,115 autoreload File C:\xampp\htdocs\servidor\django-ticket\venv\Lib\site-packages\whitenoise\middleware.py first seen with mtime 1778214656.7852988
DEBUG 2026-05-08 00:10:49,115 autoreload File C:\xampp\htdocs\servidor\django-ticket\venv\Lib\site-packages\asgiref\local.py first seen with mtime 1778214662.52487
DEBUG 2026-05-08 00:10:49,116 autoreload File C:\xampp\htdocs\servidor\django-ticket\venv\Lib\site-packages\sqlparse\filters\aligned_indent.py first seen with mtime 1778214657.525796
DEBUG 2026-05-08 00:10:49,116 autoreload File C:\xampp\htdocs\servidor\django-ticket\venv\Lib\site-packages\django\contrib\auth\tokens.py first seen with mtime 1778214672.9458332
DEBUG 2026-05-08 00:10:49,116 autoreload File C:\Python314\Lib\email\generator.py first seen with mtime 1764976580.0
DEBUG 2026-05-08 00:10:49,116 autoreload File C:\xampp\htdocs\servidor\django-ticket\venv\Lib\site-packages\django\db\backends\postgresql\client.py first seen with mtime 1778214678.830882
DEBUG 2026-05-08 00:10:49,117 autoreload File C:\xampp\htdocs\servidor\django-ticket\venv\Lib\site-packages\django\db\models\functions\__init__.py first seen with mtime 1778214678.900643
DEBUG 2026-05-08 00:10:49,117 autoreload File C:\xampp\htdocs\servidor\django-ticket\venv\Lib\site-packages\drf_spectacular\__init__.py first seen with mtime 1778214687.1173534
DEBUG 2026-05-08 00:10:49,117 autoreload File C:\xampp\htdocs\servidor\django-ticket\venv\Lib\site-packages\django\db\backends\postgresql\introspection.py first seen with mtime 1778214678.8340125
DEBUG 2026-05-08 00:10:49,117 autoreload File C:\xampp\htdocs\servidor\django-ticket\venv\Lib\site-packages\django\core\checks\translation.py first seen with mtime 1778214678.657903
DEBUG 2026-05-08 00:10:49,118 autoreload File C:\xampp\htdocs\servidor\django-ticket\venv\Lib\site-packages\django\db\migrations\__init__.py first seen with mtime 1778214678.8481593
DEBUG 2026-05-08 00:10:49,118 autoreload File C:\xampp\htdocs\servidor\django-ticket\venv\Lib\site-packages\django\db\backends\base\base.py first seen with mtime 1778214678.780817
DEBUG 2026-05-08 00:10:49,118 autoreload File C:\xampp\htdocs\servidor\django-ticket\venv\Lib\site-packages\django\core\__init__.py first seen with mtime 1778214678.617374
DEBUG 2026-05-08 00:10:49,118 autoreload File C:\xampp\htdocs\servidor\django-ticket\venv\Lib\site-packages\django\contrib\contenttypes\admin.py first seen with mtime 1778214673.4422774
DEBUG 2026-05-08 00:10:49,119 autoreload File C:\xampp\htdocs\servidor\django-ticket\venv\Lib\site-packages\django\core\serializers\base.py first seen with mtime 1778214678.7627773
DEBUG 2026-05-08 00:10:49,119 autoreload File C:\xampp\htdocs\servidor\django-ticket\venv\Lib\site-packages\django\core\files\uploadedfile.py first seen with mtime 1778214678.6866562
DEBUG 2026-05-08 00:10:49,119 autoreload File C:\xampp\htdocs\servidor\django-ticket\venv\Lib\site-packages\whitenoise\string_utils.py first seen with mtime 1778214656.7873025
DEBUG 2026-05-08 00:10:49,120 autoreload File C:\xampp\htdocs\servidor\django-ticket\api\models.py first seen with mtime 1778216921.07132
DEBUG 2026-05-08 00:10:49,120 autoreload File C:\Python314\Lib\dis.py first seen with mtime 1764976580.0
DEBUG 2026-05-08 00:10:49,120 autoreload File C:\xampp\htdocs\servidor\django-ticket\venv\Lib\site-packages\django\contrib\sessions\models.py first seen with mtime 1778214677.7120116
DEBUG 2026-05-08 00:10:49,120 autoreload File C:\xampp\htdocs\servidor\django-ticket\venv\Lib\site-packages\django\template\smartif.py first seen with mtime 1778214679.090401
DEBUG 2026-05-08 00:10:49,121 autoreload File C:\xampp\htdocs\servidor\django-ticket\venv\Lib\site-packages\django\template\library.py first seen with mtime 1778214679.0863395
DEBUG 2026-05-08 00:10:49,122 autoreload File C:\xampp\htdocs\servidor\django-ticket\venv\Lib\site-packages\django\utils\_os.py first seen with mtime 1778214679.132368
DEBUG 2026-05-08 00:10:49,122 autoreload File C:\xampp\htdocs\servidor\django-ticket\venv\Lib\site-packages\django\templatetags\static.py first seen with mtime 1778214679.108413
DEBUG 2026-05-08 00:10:49,122 autoreload File C:\xampp\htdocs\servidor\django-ticket\venv\Lib\site-packages\django\utils\ipv6.py first seen with mtime 1778214679.1708343
DEBUG 2026-05-08 00:10:49,123 autoreload File C:\Python314\Lib\_markupbase.py first seen with mtime 1764976580.0
DEBUG 2026-05-08 00:10:49,123 autoreload File C:\xampp\htdocs\servidor\django-ticket\venv\Lib\site-packages\django\template\exceptions.py first seen with mtime 1778214679.0853305
DEBUG 2026-05-08 00:10:49,123 autoreload File C:\xampp\htdocs\servidor\django-ticket\venv\Lib\site-packages\django\db\models\manager.py first seen with mtime 1778214678.8821425
DEBUG 2026-05-08 00:10:49,124 autoreload File C:\xampp\htdocs\servidor\django-ticket\venv\Lib\site-packages\django\db\migrations\exceptions.py first seen with mtime 1778214678.8507864
DEBUG 2026-05-08 00:10:49,124 autoreload File C:\Python314\Lib\contextvars.py first seen with mtime 1764976580.0
DEBUG 2026-05-08 00:10:49,124 autoreload File C:\Python314\Lib\pathlib\_os.py first seen with mtime 1764976580.0
DEBUG 2026-05-08 00:10:49,124 autoreload File C:\xampp\htdocs\servidor\django-ticket\venv\Lib\site-packages\django\contrib\messages\constants.py first seen with mtime 1778214676.899575
DEBUG 2026-05-08 00:10:49,124 autoreload File C:\xampp\htdocs\servidor\django-ticket\venv\Lib\site-packages\django\contrib\auth\backends.py first seen with mtime 1778214672.9334242
DEBUG 2026-05-08 00:10:49,125 autoreload File C:\xampp\htdocs\servidor\django-ticket\venv\Lib\site-packages\django\apps\__init__.py first seen with mtime 1778214670.9838734
DEBUG 2026-05-08 00:10:49,125 autoreload File C:\xampp\htdocs\servidor\django-ticket\venv\Lib\site-packages\django\core\serializers\python.py first seen with mtime 1778214678.7654078
DEBUG 2026-05-08 00:10:49,125 autoreload File C:\xampp\htdocs\servidor\django-ticket\venv\Lib\site-packages\django\contrib\auth\forms.py first seen with mtime 1778214672.9390712
DEBUG 2026-05-08 00:10:49,125 autoreload File C:\xampp\htdocs\servidor\django-ticket\venv\Lib\site-packages\django\contrib\staticfiles\checks.py first seen with mtime 1778214678.5971787
DEBUG 2026-05-08 00:10:49,126 autoreload File C:\Python314\Lib\email\mime\__init__.py first seen with mtime 1764976580.0
DEBUG 2026-05-08 00:10:49,126 autoreload File C:\xampp\htdocs\servidor\django-ticket\venv\Lib\site-packages\django\contrib\contenttypes\apps.py first seen with mtime 1778214673.443318
DEBUG 2026-05-08 00:10:49,126 autoreload File C:\Python314\Lib\email\charset.py first seen with mtime 1764976580.0
DEBUG 2026-05-08 00:10:49,126 autoreload File C:\xampp\htdocs\servidor\django-ticket\venv\Lib\site-packages\sqlparse\filters\reindent.py first seen with mtime 1778214657.5283146
DEBUG 2026-05-08 00:10:49,127 autoreload File C:\xampp\htdocs\servidor\django-ticket\venv\Lib\site-packages\django\db\models\fields\mixins.py first seen with mtime 1778214678.8940332
DEBUG 2026-05-08 00:10:49,127 autoreload File C:\Python314\Lib\_weakrefset.py first seen with mtime 1764976580.0
DEBUG 2026-05-08 00:10:49,127 autoreload File C:\xampp\htdocs\servidor\django-ticket\venv\Lib\site-packages\django\utils\decorators.py first seen with mtime 1778214679.1556952
DEBUG 2026-05-08 00:10:49,127 autoreload File C:\xampp\htdocs\servidor\django-ticket\venv\Lib\site-packages\colorama\win32.py first seen with mtime 1778214662.2161853
DEBUG 2026-05-08 00:10:49,128 autoreload File C:\xampp\htdocs\servidor\django-ticket\venv\Lib\site-packages\django\core\checks\registry.py first seen with mtime 1778214678.6531513
DEBUG 2026-05-08 00:10:49,128 autoreload File C:\Python314\Lib\email\mime\nonmultipart.py first seen with mtime 1764976580.0
DEBUG 2026-05-08 00:10:49,128 autoreload File C:\xampp\htdocs\servidor\django-ticket\venv\Lib\site-packages\sqlparse\filters\right_margin.py first seen with mtime 1778214657.5297265
DEBUG 2026-05-08 00:10:49,129 autoreload File C:\xampp\htdocs\servidor\django-ticket\venv\Lib\site-packages\django\contrib\contenttypes\management\__init__.py first seen with mtime 1778214674.0256221
DEBUG 2026-05-08 00:10:49,129 autoreload File C:\xampp\htdocs\servidor\django-ticket\venv\Lib\site-packages\django\db\models\sql\query.py first seen with mtime 1778214678.9158678
DEBUG 2026-05-08 00:10:49,129 autoreload File C:\Python314\Lib\ctypes\__init__.py first seen with mtime 1764976580.0
DEBUG 2026-05-08 00:10:49,129 autoreload File C:\xampp\htdocs\servidor\django-ticket\venv\Lib\site-packages\django\utils\safestring.py first seen with mtime 1778214679.1823688
DEBUG 2026-05-08 00:10:49,130 autoreload File C:\xampp\htdocs\servidor\django-ticket\venv\Lib\site-packages\django\contrib\contenttypes\__init__.py first seen with mtime 1778214673.4409244
DEBUG 2026-05-08 00:10:49,130 autoreload File C:\Python314\Lib\secrets.py first seen with mtime 1764976580.0
DEBUG 2026-05-08 00:10:49,130 autoreload File C:\xampp\htdocs\servidor\django-ticket\venv\Lib\site-packages\django\db\models\fields\tuple_lookups.py first seen with mtime 1778214678.8996344
DEBUG 2026-05-08 00:10:49,130 autoreload File C:\xampp\htdocs\servidor\django-ticket\venv\Lib\site-packages\colorama\__init__.py first seen with mtime 1778214662.2131937
DEBUG 2026-05-08 00:10:49,130 autoreload File C:\xampp\htdocs\servidor\django-ticket\venv\Lib\site-packages\django\db\models\fields\related_descriptors.py first seen with mtime 1778214678.8964255
DEBUG 2026-05-08 00:10:49,131 autoreload File C:\xampp\htdocs\servidor\django-ticket\venv\Lib\site-packages\django\db\models\query.py first seen with mtime 1778214678.8852155
DEBUG 2026-05-08 00:10:49,131 autoreload File C:\xampp\htdocs\servidor\django-ticket\venv\Lib\site-packages\django\core\exceptions.py first seen with mtime 1778214678.6212366
DEBUG 2026-05-08 00:10:49,131 autoreload File C:\xampp\htdocs\servidor\django-ticket\venv\Lib\site-packages\sqlparse\sql.py first seen with mtime 1778214657.5218372
DEBUG 2026-05-08 00:10:49,131 autoreload File C:\xampp\htdocs\servidor\django-ticket\venv\Lib\site-packages\django\contrib\admin\decorators.py first seen with mtime 1778214671.5083873
DEBUG 2026-05-08 00:10:49,131 autoreload File C:\xampp\htdocs\servidor\django-ticket\venv\Lib\site-packages\django\utils\tree.py first seen with mtime 1778214679.1864107
DEBUG 2026-05-08 00:10:49,132 autoreload File C:\Python314\Lib\compression\__init__.py first seen with mtime 1764976580.0
DEBUG 2026-05-08 00:10:49,132 autoreload File C:\Python314\Lib\ipaddress.py first seen with mtime 1764976580.0
DEBUG 2026-05-08 00:10:49,132 autoreload File C:\xampp\htdocs\servidor\django-ticket\venv\Lib\site-packages\drf_spectacular\checks.py first seen with mtime 1778214687.1193838
DEBUG 2026-05-08 00:10:49,132 autoreload File C:\xampp\htdocs\servidor\django-ticket\venv\Lib\site-packages\django\contrib\auth\hashers.py first seen with mtime 1778214672.940088
DEBUG 2026-05-08 00:10:49,133 autoreload File C:\xampp\htdocs\servidor\django-ticket\venv\Lib\site-packages\django\db\__init__.py first seen with mtime 1778214678.7699258
DEBUG 2026-05-08 00:10:49,133 autoreload File C:\xampp\htdocs\servidor\django-ticket\venv\Lib\site-packages\django\db\backends\postgresql\features.py first seen with mtime 1778214678.8329828
DEBUG 2026-05-08 00:10:49,133 autoreload File C:\Python314\Lib\email\_parseaddr.py first seen with mtime 1764976580.0
DEBUG 2026-05-08 00:10:49,133 autoreload File C:\Python314\Lib\asyncio\transports.py first seen with mtime 1764976580.0
DEBUG 2026-05-08 00:10:49,133 autoreload File C:\xampp\htdocs\servidor\django-ticket\venv\Lib\site-packages\django\forms\models.py first seen with mtime 1778214678.9258187
DEBUG 2026-05-08 00:10:49,134 autoreload File C:\xampp\htdocs\servidor\django-ticket\venv\Lib\site-packages\django\contrib\staticfiles\management\commands\runserver.py first seen with mtime 1778214678.612387
DEBUG 2026-05-08 00:10:49,134 autoreload File C:\Python314\Lib\uuid.py first seen with mtime 1764976582.0
DEBUG 2026-05-08 00:10:49,134 autoreload File C:\Python314\Lib\copy.py first seen with mtime 1764976580.0
DEBUG 2026-05-08 00:10:49,134 autoreload File C:\xampp\htdocs\servidor\django-ticket\venv\Lib\site-packages\django\utils\regex_helper.py first seen with mtime 1778214679.1808593
DEBUG 2026-05-08 00:10:49,134 autoreload File C:\xampp\htdocs\servidor\django-ticket\venv\Lib\site-packages\sqlparse\filters\others.py first seen with mtime 1778214657.5273025
DEBUG 2026-05-08 00:10:49,135 autoreload File C:\Python314\Lib\logging\handlers.py first seen with mtime 1764976580.0
DEBUG 2026-05-08 00:10:49,135 autoreload File C:\Python314\Lib\asyncio\base_futures.py first seen with mtime 1764976580.0
DEBUG 2026-05-08 00:10:49,135 autoreload File C:\xampp\htdocs\servidor\django-ticket\venv\Lib\site-packages\psycopg2\__init__.py first seen with mtime 1778214660.850583
DEBUG 2026-05-08 00:10:49,135 autoreload File C:\xampp\htdocs\servidor\django-ticket\venv\Lib\site-packages\django\db\backends\base\__init__.py first seen with mtime 1778214678.7796438
DEBUG 2026-05-08 00:10:49,135 autoreload File C:\xampp\htdocs\servidor\django-ticket\venv\Lib\site-packages\django\core\files\images.py first seen with mtime 1778214678.6814563
DEBUG 2026-05-08 00:10:49,136 autoreload File C:\Python314\Lib\email\mime\base.py first seen with mtime 1764976580.0
DEBUG 2026-05-08 00:10:49,136 autoreload File C:\xampp\htdocs\servidor\django-ticket\venv\Lib\site-packages\whitenoise\__init__.py first seen with mtime 1778214656.783139
DEBUG 2026-05-08 00:10:49,136 autoreload File C:\xampp\htdocs\servidor\django-ticket\venv\Lib\site-packages\django\contrib\staticfiles\utils.py first seen with mtime 1778214678.6036298
DEBUG 2026-05-08 00:10:49,136 autoreload File C:\Python314\Lib\hashlib.py first seen with mtime 1764976580.0
DEBUG 2026-05-08 00:10:49,137 autoreload File C:\xampp\htdocs\servidor\django-ticket\api\__init__.py first seen with mtime 1778216921.0740354
DEBUG 2026-05-08 00:10:49,137 autoreload File C:\xampp\htdocs\servidor\django-ticket\venv\Lib\site-packages\django\contrib\staticfiles\__init__.py first seen with mtime 1778214678.595668
DEBUG 2026-05-08 00:10:49,138 autoreload File C:\xampp\htdocs\servidor\django-ticket\venv\Lib\site-packages\django\core\handlers\exception.py first seen with mtime 1778214678.7006092
DEBUG 2026-05-08 00:10:49,138 autoreload File C:\xampp\htdocs\servidor\django-ticket\venv\Lib\site-packages\django\http\cookie.py first seen with mtime 1778214679.047222
DEBUG 2026-05-08 00:10:49,139 autoreload File C:\xampp\htdocs\servidor\django-ticket\api\apps.py first seen with mtime 1778216921.0703144
DEBUG 2026-05-08 00:10:49,139 autoreload File C:\Python314\Lib\threading.py first seen with mtime 1764976580.0
DEBUG 2026-05-08 00:10:49,139 autoreload File C:\xampp\htdocs\servidor\django-ticket\venv\Lib\site-packages\django\contrib\admin\views\main.py first seen with mtime 1778214672.4877298
DEBUG 2026-05-08 00:10:49,139 autoreload File C:\Python314\Lib\getpass.py first seen with mtime 1764976580.0
DEBUG 2026-05-08 00:10:49,140 autoreload File C:\xampp\htdocs\servidor\django-ticket\services\models.py first seen with mtime 1778216969.9959419
DEBUG 2026-05-08 00:10:49,140 autoreload File C:\Python314\DLLs\_wmi.pyd first seen with mtime 1764976656.0
DEBUG 2026-05-08 00:10:49,140 autoreload File C:\xampp\htdocs\servidor\django-ticket\venv\Lib\site-packages\django\core\files\storage\filesystem.py first seen with mtime 1778214678.6940134
DEBUG 2026-05-08 00:10:49,140 autoreload File C:\Python314\Lib\keyword.py first seen with mtime 1764976580.0
DEBUG 2026-05-08 00:10:49,141 autoreload File C:\xampp\htdocs\servidor\django-ticket\venv\Lib\site-packages\django\core\signing.py first seen with mtime 1778214678.6245515
DEBUG 2026-05-08 00:10:49,141 autoreload File C:\Python314\Lib\ast.py first seen with mtime 1764976580.0
DEBUG 2026-05-08 00:10:49,141 autoreload File C:\Python314\Lib\re\_constants.py first seen with mtime 1764976580.0
DEBUG 2026-05-08 00:10:49,141 autoreload File C:\xampp\htdocs\servidor\django-ticket\venv\Lib\site-packages\django\utils\asyncio.py first seen with mtime 1778214679.1356103
DEBUG 2026-05-08 00:10:49,142 autoreload File C:\Python314\Lib\email\feedparser.py first seen with mtime 1764976580.0
DEBUG 2026-05-08 00:10:49,142 autoreload File C:\xampp\htdocs\servidor\django-ticket\venv\Lib\site-packages\sqlparse\filters\tokens.py first seen with mtime 1778214657.5307238
DEBUG 2026-05-08 00:10:49,142 autoreload File C:\xampp\htdocs\servidor\django-ticket\venv\Lib\site-packages\django\contrib\admin\filters.py first seen with mtime 1778214671.5126286
DEBUG 2026-05-08 00:10:49,142 autoreload File C:\xampp\htdocs\servidor\django-ticket\venv\Lib\site-packages\django\db\models\utils.py first seen with mtime 1778214678.8887243
DEBUG 2026-05-08 00:10:49,143 autoreload File C:\xampp\htdocs\servidor\django-ticket\venv\Lib\site-packages\django\utils\deconstruct.py first seen with mtime 1778214679.1546905
DEBUG 2026-05-08 00:10:49,143 autoreload File C:\xampp\htdocs\servidor\django-ticket\venv\Lib\site-packages\django\core\handlers\__init__.py first seen with mtime 1778214678.6975722
DEBUG 2026-05-08 00:10:49,143 autoreload File C:\xampp\htdocs\servidor\django-ticket\venv\Lib\site-packages\django\db\models\functions\text.py first seen with mtime 1778214678.9049757
DEBUG 2026-05-08 00:10:49,144 autoreload File C:\Python314\DLLs\unicodedata.pyd first seen with mtime 1764976658.0
DEBUG 2026-05-08 00:10:49,145 autoreload File C:\Python314\Lib\linecache.py first seen with mtime 1764976580.0
DEBUG 2026-05-08 00:10:49,145 autoreload File C:\xampp\htdocs\servidor\django-ticket\venv\Lib\site-packages\django\views\decorators\cache.py first seen with mtime 1778214679.2049935
DEBUG 2026-05-08 00:10:49,146 autoreload File C:\xampp\htdocs\servidor\django-ticket\venv\Lib\site-packages\django\contrib\contenttypes\forms.py first seen with mtime 1778214673.4455884
DEBUG 2026-05-08 00:10:49,146 autoreload File C:\xampp\htdocs\servidor\django-ticket\venv\Lib\site-packages\django\shortcuts.py first seen with mtime 1778214670.9802938
DEBUG 2026-05-08 00:10:49,146 autoreload File C:\xampp\htdocs\servidor\django-ticket\venv\Lib\site-packages\django\core\checks\templates.py first seen with mtime 1778214678.6541474
DEBUG 2026-05-08 00:10:49,147 autoreload File C:\Python314\Lib\asyncio\graph.py first seen with mtime 1764976580.0
DEBUG 2026-05-08 00:10:49,147 autoreload File C:\xampp\htdocs\servidor\django-ticket\venv\Lib\site-packages\django\utils\dateparse.py first seen with mtime 1778214679.1510403
DEBUG 2026-05-08 00:10:49,147 autoreload File C:\xampp\htdocs\servidor\django-ticket\venv\Lib\site-packages\django\utils\crypto.py first seen with mtime 1778214679.1455307
DEBUG 2026-05-08 00:10:49,147 autoreload File C:\Python314\Lib\copyreg.py first seen with mtime 1764976580.0
DEBUG 2026-05-08 00:10:49,148 autoreload File C:\xampp\htdocs\servidor\django-ticket\services\__init__.py first seen with mtime 1778216969.9990234
DEBUG 2026-05-08 00:10:49,148 autoreload File C:\Python314\Lib\socketserver.py first seen with mtime 1764976580.0
DEBUG 2026-05-08 00:10:49,148 autoreload File C:\xampp\htdocs\servidor\django-ticket\venv\Lib\site-packages\asgiref\current_thread_executor.py first seen with mtime 1778214662.5238383
DEBUG 2026-05-08 00:10:49,148 autoreload File C:\Python314\Lib\wsgiref\handlers.py first seen with mtime 1764976582.0
DEBUG 2026-05-08 00:10:49,149 autoreload File C:\xampp\htdocs\servidor\django-ticket\venv\Lib\site-packages\django\core\mail\message.py first seen with mtime 1778214678.7048056
DEBUG 2026-05-08 00:10:49,149 autoreload File C:\xampp\htdocs\servidor\django-ticket\venv\Lib\site-packages\django\template\loaders\cached.py first seen with mtime 1778214679.0995243
DEBUG 2026-05-08 00:10:49,149 autoreload File C:\xampp\htdocs\servidor\django-ticket\venv\Lib\site-packages\django\template\engine.py first seen with mtime 1778214679.0843215
DEBUG 2026-05-08 00:10:49,150 autoreload File C:\xampp\htdocs\servidor\django-ticket\venv\Lib\site-packages\django\contrib\admin\templatetags\admin_modify.py first seen with mtime 1778214672.47915
DEBUG 2026-05-08 00:10:49,150 autoreload File C:\xampp\htdocs\servidor\django-ticket\venv\Lib\site-packages\django\core\management\color.py first seen with mtime 1778214678.7226255
DEBUG 2026-05-08 00:10:49,150 autoreload File C:\Python314\DLLs\_hashlib.pyd first seen with mtime 1764976656.0
DEBUG 2026-05-08 00:10:49,151 autoreload File C:\xampp\htdocs\servidor\django-ticket\venv\Lib\site-packages\sqlparse\formatter.py first seen with mtime 1778214657.5186627
DEBUG 2026-05-08 00:10:49,151 autoreload File C:\xampp\htdocs\servidor\django-ticket\api\admin.py first seen with mtime 1778216921.0666893
DEBUG 2026-05-08 00:10:49,151 autoreload File C:\xampp\htdocs\servidor\django-ticket\venv\Lib\site-packages\django\db\models\constraints.py first seen with mtime 1778214678.8770878
DEBUG 2026-05-08 00:10:49,151 autoreload File C:\xampp\htdocs\servidor\django-ticket\venv\Lib\site-packages\django\template\backends\django.py first seen with mtime 1778214679.094135
DEBUG 2026-05-08 00:10:49,151 autoreload File C:\xampp\htdocs\servidor\django-ticket\venv\Lib\site-packages\django\utils\deprecation.py first seen with mtime 1778214679.158273
DEBUG 2026-05-08 00:10:49,152 autoreload File C:\xampp\htdocs\servidor\django-ticket\venv\Lib\site-packages\django\core\mail\utils.py first seen with mtime 1778214678.7063122
DEBUG 2026-05-08 00:10:49,152 autoreload File C:\xampp\htdocs\servidor\django-ticket\venv\Lib\site-packages\django\db\models\__init__.py first seen with mtime 1778214678.869697
DEBUG 2026-05-08 00:10:49,152 autoreload File C:\Python314\Lib\__future__.py first seen with mtime 1764976580.0
DEBUG 2026-05-08 00:10:49,152 autoreload File C:\xampp\htdocs\servidor\django-ticket\venv\Lib\site-packages\django\urls\resolvers.py first seen with mtime 1778214679.1273546
DEBUG 2026-05-08 00:10:49,153 autoreload File C:\xampp\htdocs\servidor\django-ticket\venv\Lib\site-packages\dotenv\variables.py first seen with mtime 1778214657.7596736
DEBUG 2026-05-08 00:10:49,153 autoreload File C:\xampp\htdocs\servidor\django-ticket\venv\Lib\site-packages\asgiref\__init__.py first seen with mtime 1778214662.521695
DEBUG 2026-05-08 00:10:49,154 autoreload File C:\xampp\htdocs\servidor\django-ticket\venv\Lib\site-packages\django\utils\http.py first seen with mtime 1778214679.1688354
DEBUG 2026-05-08 00:10:49,154 autoreload File C:\Python314\Lib\asyncio\exceptions.py first seen with mtime 1764976580.0
DEBUG 2026-05-08 00:10:49,155 autoreload File C:\xampp\htdocs\servidor\django-ticket\venv\Lib\site-packages\django\templatetags\l10n.py first seen with mtime 1778214679.1073923
DEBUG 2026-05-08 00:10:49,155 autoreload File C:\Python314\DLLs\_uuid.pyd first seen with mtime 1764976656.0
DEBUG 2026-05-08 00:10:49,155 autoreload File C:\xampp\htdocs\servidor\django-ticket\venv\Lib\site-packages\django\db\models\aggregates.py first seen with mtime 1778214678.8706942
DEBUG 2026-05-08 00:10:49,156 autoreload File C:\xampp\htdocs\servidor\django-ticket\venv\Lib\site-packages\django\contrib\admin\views\__init__.py first seen with mtime 1778214672.4842217
DEBUG 2026-05-08 00:10:49,156 autoreload File C:\xampp\htdocs\servidor\django-ticket\venv\Lib\site-packages\django\db\models\query_utils.py first seen with mtime 1778214678.886225
DEBUG 2026-05-08 00:10:49,156 autoreload File C:\xampp\htdocs\servidor\django-ticket\venv\Lib\site-packages\django\utils\translation\reloader.py first seen with mtime 1778214679.1919088
DEBUG 2026-05-08 00:10:49,156 autoreload File C:\Python314\Lib\asyncio\constants.py first seen with mtime 1764976580.0
DEBUG 2026-05-08 00:10:49,157 autoreload File C:\xampp\htdocs\servidor\django-ticket\venv\Lib\site-packages\django\contrib\auth\base_user.py first seen with mtime 1778214672.9344468
DEBUG 2026-05-08 00:10:49,158 autoreload File C:\xampp\htdocs\servidor\django-ticket\venv\Lib\site-packages\django\contrib\admin\actions.py first seen with mtime 1778214671.5058558
DEBUG 2026-05-08 00:10:49,158 autoreload File C:\Python314\Lib\asyncio\events.py first seen with mtime 1764976580.0
DEBUG 2026-05-08 00:10:49,159 autoreload File C:\xampp\htdocs\servidor\django-ticket\venv\Lib\site-packages\colorama\ansitowin32.py first seen with mtime 1778214662.2141912
DEBUG 2026-05-08 00:10:49,159 autoreload File C:\xampp\htdocs\servidor\django-ticket\venv\Lib\site-packages\sqlparse\filters\__init__.py first seen with mtime 1778214657.525796
DEBUG 2026-05-08 00:10:49,159 autoreload File C:\Python314\Lib\socket.py first seen with mtime 1764976580.0
DEBUG 2026-05-08 00:10:49,160 autoreload File C:\xampp\htdocs\servidor\django-ticket\venv\Lib\site-packages\django\utils\connection.py first seen with mtime 1778214679.1432297
DEBUG 2026-05-08 00:10:49,160 autoreload File C:\Python314\Lib\asyncio\runners.py first seen with mtime 1764976580.0
DEBUG 2026-05-08 00:10:49,160 autoreload File C:\Python314\Lib\http\__init__.py first seen with mtime 1764976580.0
DEBUG 2026-05-08 00:10:49,160 autoreload File C:\Python314\Lib\pickle.py first seen with mtime 1764976580.0
DEBUG 2026-05-08 00:10:49,161 autoreload File C:\Python314\Lib\http\client.py first seen with mtime 1764976580.0
DEBUG 2026-05-08 00:10:49,161 autoreload File C:\xampp\htdocs\servidor\django-ticket\venv\Lib\site-packages\django\contrib\auth\models.py first seen with mtime 1778214672.942571
DEBUG 2026-05-08 00:10:49,161 autoreload File C:\xampp\htdocs\servidor\django-ticket\venv\Lib\site-packages\django\contrib\sessions\__init__.py first seen with mtime 1778214677.7045097
DEBUG 2026-05-08 00:10:49,161 autoreload File C:\Python314\Lib\graphlib.py first seen with mtime 1764976580.0
DEBUG 2026-05-08 00:10:49,162 autoreload File C:\xampp\htdocs\servidor\django-ticket\venv\Lib\site-packages\django\middleware\security.py first seen with mtime 1778214679.0598915
DEBUG 2026-05-08 00:10:49,162 autoreload File C:\xampp\htdocs\servidor\django-ticket\venv\Lib\site-packages\django\utils\translation\__init__.py first seen with mtime 1778214679.190912
DEBUG 2026-05-08 00:10:49,162 autoreload File C:\Python314\Lib\functools.py first seen with mtime 1764976580.0
DEBUG 2026-05-08 00:10:49,162 autoreload File C:\Python314\Lib\codeop.py first seen with mtime 1764976580.0
DEBUG 2026-05-08 00:10:49,163 autoreload File C:\xampp\htdocs\servidor\django-ticket\venv\Lib\site-packages\drf_spectacular\templates\drf_spectacular first seen with mtime 1778214687.1608903
DEBUG 2026-05-08 00:10:49,164 autoreload File C:\xampp\htdocs\servidor\django-ticket\venv\Lib\site-packages\drf_spectacular\templates\drf_spectacular\redoc.html first seen with mtime 1778214687.1588926
DEBUG 2026-05-08 00:10:49,165 autoreload File C:\xampp\htdocs\servidor\django-ticket\venv\Lib\site-packages\drf_spectacular\templates\drf_spectacular\swagger_ui.html first seen with mtime 1778214687.159894
DEBUG 2026-05-08 00:10:49,165 autoreload File C:\xampp\htdocs\servidor\django-ticket\venv\Lib\site-packages\drf_spectacular\templates\drf_spectacular\swagger_ui.js first seen with mtime 1778214687.1608903
DEBUG 2026-05-08 00:10:50,336 autoreload File C:\xampp\htdocs\servidor\django-ticket\venv\Lib\site-packages\django\core\cache\backends\locmem.py first seen with mtime 1778214678.635145
DEBUG 2026-05-08 00:10:50,337 autoreload File C:\xampp\htdocs\servidor\django-ticket\venv\Lib\site-packages\django\contrib\auth\migrations\0006_require_contenttypes_0002.py first seen with mtime 1778214673.4281383
DEBUG 2026-05-08 00:10:50,337 autoreload File C:\xampp\htdocs\servidor\django-ticket\venv\Lib\site-packages\django\middleware\common.py first seen with mtime 1778214679.0532897
DEBUG 2026-05-08 00:10:50,338 autoreload File C:\xampp\htdocs\servidor\django-ticket\venv\Lib\site-packages\django\db\migrations\optimizer.py first seen with mtime 1778214678.8571758
DEBUG 2026-05-08 00:10:50,338 autoreload File C:\xampp\htdocs\servidor\django-ticket\django_ticket\wsgi.py first seen with mtime 1778214738.249731
DEBUG 2026-05-08 00:10:50,339 autoreload File C:\xampp\htdocs\servidor\django-ticket\services\migrations\__init__.py first seen with mtime 1778216970.0002093
DEBUG 2026-05-08 00:10:50,339 autoreload File C:\xampp\htdocs\servidor\django-ticket\authentication\migrations\__init__.py first seen with mtime 1778216945.788921
DEBUG 2026-05-08 00:10:50,339 autoreload File C:\xampp\htdocs\servidor\django-ticket\venv\Lib\site-packages\django\contrib\sessions\middleware.py first seen with mtime 1778214677.7110147
DEBUG 2026-05-08 00:10:50,340 autoreload File C:\xampp\htdocs\servidor\django-ticket\venv\Lib\site-packages\django\db\migrations\questioner.py first seen with mtime 1778214678.8582072
DEBUG 2026-05-08 00:10:50,341 autoreload File C:\xampp\htdocs\servidor\django-ticket\venv\Lib\site-packages\django\contrib\auth\migrations\0002_alter_permission_name_max_length.py first seen with mtime 1778214673.4252715
DEBUG 2026-05-08 00:10:50,341 autoreload File C:\xampp\htdocs\servidor\django-ticket\venv\Lib\site-packages\django\core\management\commands\migrate.py first seen with mtime 1778214678.7459912
DEBUG 2026-05-08 00:10:50,342 autoreload File C:\xampp\htdocs\servidor\django-ticket\venv\Lib\site-packages\django\contrib\sessions\backends\__init__.py first seen with mtime 1778214677.7142494
DEBUG 2026-05-08 00:10:50,343 autoreload File C:\xampp\htdocs\servidor\django-ticket\venv\Lib\site-packages\django\contrib\admin\migrations\0003_logentry_add_action_flag_choices.py first seen with mtime 1778214672.1835902
DEBUG 2026-05-08 00:10:50,344 autoreload File C:\xampp\htdocs\servidor\django-ticket\venv\Lib\site-packages\django\conf\urls\__init__.py first seen with mtime 1778214671.4995363
DEBUG 2026-05-08 00:10:50,345 autoreload File C:\xampp\htdocs\servidor\django-ticket\venv\Lib\site-packages\django\db\migrations\graph.py first seen with mtime 1778214678.8534255
DEBUG 2026-05-08 00:10:50,345 autoreload File C:\xampp\htdocs\servidor\django-ticket\venv\Lib\site-packages\django\contrib\messages\middleware.py first seen with mtime 1778214676.9027593
DEBUG 2026-05-08 00:10:50,346 autoreload File C:\xampp\htdocs\servidor\django-ticket\venv\Lib\site-packages\django\contrib\sessions\backends\db.py first seen with mtime 1778214677.7187643
DEBUG 2026-05-08 00:10:50,346 autoreload File C:\xampp\htdocs\servidor\django-ticket\venv\Lib\site-packages\django\db\migrations\writer.py first seen with mtime 1778214678.8622386
DEBUG 2026-05-08 00:10:50,347 autoreload File C:\xampp\htdocs\servidor\django-ticket\venv\Lib\site-packages\django\contrib\auth\migrations\0012_alter_user_first_name_max_length.py first seen with mtime 1778214673.4342911
DEBUG 2026-05-08 00:10:50,347 autoreload File C:\xampp\htdocs\servidor\django-ticket\venv\Lib\site-packages\django\contrib\auth\migrations\0011_update_proxy_permissions.py first seen with mtime 1778214673.4332879
DEBUG 2026-05-08 00:10:50,348 autoreload File C:\xampp\htdocs\servidor\django-ticket\venv\Lib\site-packages\django\contrib\auth\migrations\0007_alter_validators_add_error_messages.py first seen with mtime 1778214673.429143
DEBUG 2026-05-08 00:10:50,349 autoreload File C:\xampp\htdocs\servidor\django-ticket\venv\Lib\site-packages\django\contrib\auth\migrations\0005_alter_user_last_login_null.py first seen with mtime 1778214673.4281383
DEBUG 2026-05-08 00:10:50,349 autoreload File C:\xampp\htdocs\servidor\django-ticket\venv\Lib\site-packages\django\contrib\auth\migrations\0003_alter_user_email_max_length.py first seen with mtime 1778214673.4252715
DEBUG 2026-05-08 00:10:50,351 autoreload File C:\xampp\htdocs\servidor\django-ticket\venv\Lib\site-packages\django\contrib\contenttypes\migrations\0001_initial.py first seen with mtime 1778214674.0301495
DEBUG 2026-05-08 00:10:50,351 autoreload File C:\xampp\htdocs\servidor\django-ticket\venv\Lib\site-packages\corsheaders\signals.py first seen with mtime 1778214686.5091496
DEBUG 2026-05-08 00:10:50,352 autoreload File C:\xampp\htdocs\servidor\django-ticket\venv\Lib\site-packages\django\contrib\contenttypes\migrations\__init__.py first seen with mtime 1778214674.0321429
DEBUG 2026-05-08 00:10:50,354 autoreload File C:\xampp\htdocs\servidor\django-ticket\venv\Lib\site-packages\django\db\migrations\loader.py first seen with mtime 1778214678.8534255
DEBUG 2026-05-08 00:10:50,355 autoreload File C:\xampp\htdocs\servidor\django-ticket\venv\Lib\site-packages\django\contrib\sessions\migrations\__init__.py first seen with mtime 1778214678.1580954
DEBUG 2026-05-08 00:10:50,356 autoreload File C:\xampp\htdocs\servidor\django-ticket\venv\Lib\site-packages\django\contrib\sessions\migrations\0001_initial.py first seen with mtime 1778214678.1565871
DEBUG 2026-05-08 00:10:50,356 autoreload File C:\xampp\htdocs\servidor\django-ticket\transactions\migrations\__init__.py first seen with mtime 1778216958.8458602
DEBUG 2026-05-08 00:10:50,357 autoreload File C:\xampp\htdocs\servidor\django-ticket\venv\Lib\site-packages\django\contrib\auth\migrations\0001_initial.py first seen with mtime 1778214673.4242742
DEBUG 2026-05-08 00:10:50,357 autoreload File C:\xampp\htdocs\servidor\django-ticket\venv\Lib\site-packages\django\contrib\auth\migrations\0008_alter_user_username_max_length.py first seen with mtime 1778214673.4302728
DEBUG 2026-05-08 00:10:50,359 autoreload File C:\xampp\htdocs\servidor\django-ticket\venv\Lib\site-packages\django\contrib\auth\migrations\0004_alter_user_username_opts.py first seen with mtime 1778214673.4271214
DEBUG 2026-05-08 00:10:50,361 autoreload File C:\xampp\htdocs\servidor\django-ticket\venv\Lib\site-packages\django\contrib\admin\migrations\0001_initial.py first seen with mtime 1778214672.1815965
DEBUG 2026-05-08 00:10:50,362 autoreload File C:\xampp\htdocs\servidor\django-ticket\venv\Lib\site-packages\django\contrib\auth\migrations\0009_alter_user_last_name_max_length.py first seen with mtime 1778214673.431279
DEBUG 2026-05-08 00:10:50,363 autoreload File C:\xampp\htdocs\servidor\django-ticket\api\migrations\__init__.py first seen with mtime 1778216921.0756807
DEBUG 2026-05-08 00:10:50,364 autoreload File C:\Python314\Lib\stringprep.py first seen with mtime 1764976580.0
DEBUG 2026-05-08 00:10:50,364 autoreload File C:\xampp\htdocs\servidor\django-ticket\venv\Lib\site-packages\django\contrib\sessions\exceptions.py first seen with mtime 1778214677.7090151
DEBUG 2026-05-08 00:10:50,364 autoreload File C:\xampp\htdocs\servidor\django-ticket\venv\Lib\site-packages\django\db\migrations\autodetector.py first seen with mtime 1778214678.8496351
DEBUG 2026-05-08 00:10:50,365 autoreload File C:\xampp\htdocs\servidor\django-ticket\venv\Lib\site-packages\django\core\management\sql.py first seen with mtime 1778214678.7236226
DEBUG 2026-05-08 00:10:50,366 autoreload File C:\xampp\htdocs\servidor\django-ticket\venv\Lib\site-packages\django\contrib\admin\migrations\__init__.py first seen with mtime 1778214672.1848326
DEBUG 2026-05-08 00:10:50,368 autoreload File C:\xampp\htdocs\servidor\django-ticket\venv\Lib\site-packages\django\contrib\admin\migrations\0002_logentry_remove_auto_add.py first seen with mtime 1778214672.1825926
DEBUG 2026-05-08 00:10:50,368 autoreload File C:\xampp\htdocs\servidor\django-ticket\venv\Lib\site-packages\corsheaders\middleware.py first seen with mtime 1778214686.5071237
DEBUG 2026-05-08 00:10:50,368 autoreload File C:\xampp\htdocs\servidor\django-ticket\venv\Lib\site-packages\django\views\defaults.py first seen with mtime 1778214679.2014775
DEBUG 2026-05-08 00:10:50,370 autoreload File C:\xampp\htdocs\servidor\django-ticket\venv\Lib\site-packages\django\contrib\auth\migrations\__init__.py first seen with mtime 1778214673.4342911
DEBUG 2026-05-08 00:10:50,371 autoreload File C:\xampp\htdocs\servidor\django-ticket\venv\Lib\site-packages\django\core\management\commands\makemigrations.py first seen with mtime 1778214678.7449932
DEBUG 2026-05-08 00:10:50,372 autoreload File C:\xampp\htdocs\servidor\django-ticket\venv\Lib\site-packages\django\contrib\contenttypes\migrations\0002_remove_content_type_name.py first seen with mtime 1778214674.0311453
DEBUG 2026-05-08 00:10:50,373 autoreload File C:\xampp\htdocs\servidor\django-ticket\venv\Lib\site-packages\django\contrib\staticfiles\storage.py first seen with mtime 1778214678.6012144
DEBUG 2026-05-08 00:10:50,374 autoreload File C:\xampp\htdocs\servidor\django-ticket\venv\Lib\site-packages\django\db\migrations\executor.py first seen with mtime 1778214678.8520987
DEBUG 2026-05-08 00:10:50,378 autoreload File C:\Python314\Lib\encodings\idna.py first seen with mtime 1764976580.0
DEBUG 2026-05-08 00:10:50,379 autoreload File C:\xampp\htdocs\servidor\django-ticket\venv\Lib\site-packages\django\contrib\sessions\backends\base.py first seen with mtime 1778214677.7152598
DEBUG 2026-05-08 00:10:50,379 autoreload File C:\xampp\htdocs\servidor\django-ticket\venv\Lib\site-packages\django\db\migrations\recorder.py first seen with mtime 1778214678.8582072
DEBUG 2026-05-08 00:10:50,381 autoreload File C:\xampp\htdocs\servidor\django-ticket\venv\Lib\site-packages\django\middleware\clickjacking.py first seen with mtime 1778214679.0522816
DEBUG 2026-05-08 00:10:50,382 autoreload File C:\xampp\htdocs\servidor\django-ticket\venv\Lib\site-packages\django\core\management\utils.py first seen with mtime 1778214678.726296
DEBUG 2026-05-08 00:10:50,382 autoreload File C:\xampp\htdocs\servidor\django-ticket\venv\Lib\site-packages\django\db\migrations\serializer.py first seen with mtime 1778214678.8592105
DEBUG 2026-05-08 00:10:50,382 autoreload File C:\xampp\htdocs\servidor\django-ticket\venv\Lib\site-packages\django\contrib\auth\migrations\0010_alter_group_name_max_length.py first seen with mtime 1778214673.4322834
DEBUG 2026-05-08 00:10:50,383 autoreload File C:\xampp\htdocs\servidor\django-ticket\venv\Lib\site-packages\django\views\csrf.py first seen with mtime 1778214679.1984513
DEBUG 2026-05-08 00:10:53,457 utils (0.002) SELECT "django_session"."session_key", "django_session"."session_data", "django_session"."expire_date" FROM "django_session" WHERE ("django_session"."expire_date" > '2026-05-08T05:10:53.392076+00:00'::timestamptz AND "django_session"."session_key" = 'b611ioopg8pl1y9qkyc3bfqesujyxclg') LIMIT 21; args=(datetime.datetime(2026, 5, 8, 5, 10, 53, 392076, tzinfo=datetime.timezone.utc), 'b611ioopg8pl1y9qkyc3bfqesujyxclg'); alias=default
DEBUG 2026-05-08 00:10:53,459 utils (0.001) SELECT "auth_user"."id", "auth_user"."password", "auth_user"."last_login", "auth_user"."is_superuser", "auth_user"."username", "auth_user"."first_name", "auth_user"."last_name", "auth_user"."email", "auth_user"."is_staff", "auth_user"."is_active", "auth_user"."date_joined" FROM "auth_user" WHERE "auth_user"."id" = 1 LIMIT 21; args=(1,); alias=default
DEBUG 2026-05-08 00:10:53,461 utils (0.001) SELECT "auth_group"."id", "auth_group"."name" FROM "auth_group" ORDER BY "auth_group"."name" ASC; args=(); alias=default
DEBUG 2026-05-08 00:10:53,463 utils (0.000) SELECT COUNT(*) AS "__count" FROM "auth_user"; args=(); alias=default
DEBUG 2026-05-08 00:10:53,464 utils (0.000) SELECT COUNT(*) AS "__count" FROM "auth_user"; args=(); alias=default
DEBUG 2026-05-08 00:10:53,478 utils (0.000) SELECT "auth_user"."id", "auth_user"."password", "auth_user"."last_login", "auth_user"."is_superuser", "auth_user"."username", "auth_user"."first_name", "auth_user"."last_name", "auth_user"."email", "auth_user"."is_staff", "auth_user"."is_active", "auth_user"."date_joined" FROM "auth_user" ORDER BY "auth_user"."username" ASC; args=(); alias=default
INFO 2026-05-08 00:10:53,544 log "GET /admin/auth/user/ HTTP/1.1" 200 11635
INFO 2026-05-08 00:10:53,715 log "GET /static/admin/css/base.css HTTP/1.1" 304 0
INFO 2026-05-08 00:10:53,722 log "GET /static/admin/css/dark_mode.css HTTP/1.1" 304 0
INFO 2026-05-08 00:10:53,728 log "GET /static/admin/css/nav_sidebar.css HTTP/1.1" 304 0
INFO 2026-05-08 00:10:53,730 log "GET /static/admin/js/theme.js HTTP/1.1" 304 0
INFO 2026-05-08 00:10:53,730 log "GET /static/admin/css/changelists.css HTTP/1.1" 304 0
INFO 2026-05-08 00:10:53,742 log "GET /static/admin/js/vendor/jquery/jquery.js HTTP/1.1" 304 0
INFO 2026-05-08 00:10:53,743 log "GET /static/admin/js/jquery.init.js HTTP/1.1" 304 0
INFO 2026-05-08 00:10:53,747 log "GET /static/admin/js/core.js HTTP/1.1" 304 0
INFO 2026-05-08 00:10:53,751 log "GET /static/admin/js/admin/RelatedObjectLookups.js HTTP/1.1" 304 0
INFO 2026-05-08 00:10:53,754 log "GET /static/admin/js/actions.js HTTP/1.1" 304 0
INFO 2026-05-08 00:10:53,761 log "GET /static/admin/js/urlify.js HTTP/1.1" 304 0
INFO 2026-05-08 00:10:53,761 log "GET /static/admin/css/responsive.css HTTP/1.1" 304 0
INFO 2026-05-08 00:10:53,767 log "GET /static/admin/js/prepopulate.js HTTP/1.1" 304 0
INFO 2026-05-08 00:10:53,770 log "GET /static/admin/js/vendor/xregexp/xregexp.js HTTP/1.1" 304 0
INFO 2026-05-08 00:10:53,783 log "GET /static/admin/img/icon-yes.svg HTTP/1.1" 304 0
INFO 2026-05-08 00:10:53,783 log "GET /static/admin/img/search.svg HTTP/1.1" 304 0
INFO 2026-05-08 00:10:53,804 log "GET /static/admin/js/nav_sidebar.js HTTP/1.1" 304 0
INFO 2026-05-08 00:10:53,816 log "GET /static/admin/js/filters.js HTTP/1.1" 304 0
DEBUG 2026-05-08 00:10:53,879 utils (0.003) SELECT "django_session"."session_key", "django_session"."session_data", "django_session"."expire_date" FROM "django_session" WHERE ("django_session"."expire_date" > '2026-05-08T05:10:53.733954+00:00'::timestamptz AND "django_session"."session_key" = 'b611ioopg8pl1y9qkyc3bfqesujyxclg') LIMIT 21; args=(datetime.datetime(2026, 5, 8, 5, 10, 53, 733954, tzinfo=datetime.timezone.utc), 'b611ioopg8pl1y9qkyc3bfqesujyxclg'); alias=default
DEBUG 2026-05-08 00:10:53,882 utils (0.001) SELECT "auth_user"."id", "auth_user"."password", "auth_user"."last_login", "auth_user"."is_superuser", "auth_user"."username", "auth_user"."first_name", "auth_user"."last_name", "auth_user"."email", "auth_user"."is_staff", "auth_user"."is_active", "auth_user"."date_joined" FROM "auth_user" WHERE "auth_user"."id" = 1 LIMIT 21; args=(1,); alias=default
INFO 2026-05-08 00:10:53,889 log "GET /admin/jsi18n/ HTTP/1.1" 200 3342
DEBUG 2026-05-08 00:10:53,893 autoreload File C:\xampp\htdocs\servidor\django-ticket\venv\Lib\site-packages\django\contrib\messages\storage\session.py first seen with mtime 1778214676.9185169
DEBUG 2026-05-08 00:10:53,895 autoreload File C:\xampp\htdocs\servidor\django-ticket\venv\Lib\site-packages\django\contrib\messages\storage\cookie.py first seen with mtime 1778214676.914981
DEBUG 2026-05-08 00:10:53,898 autoreload File C:\xampp\htdocs\servidor\django-ticket\venv\Lib\site-packages\django\contrib\sessions\serializers.py first seen with mtime 1778214677.7132442
DEBUG 2026-05-08 00:10:53,916 autoreload File C:\xampp\htdocs\servidor\django-ticket\venv\Lib\site-packages\django\contrib\messages\storage\fallback.py first seen with mtime 1778214676.9174967
INFO 2026-05-08 00:10:53,935 log "GET /static/admin/img/icon-addlink.svg HTTP/1.1" 304 0
INFO 2026-05-08 00:10:53,936 log "GET /static/admin/img/tooltag-add.svg HTTP/1.1" 304 0
INFO 2026-05-08 00:10:53,938 log "GET /static/admin/img/icon-viewlink.svg HTTP/1.1" 304 0
INFO 2026-05-08 00:10:53,967 log "GET /static/admin/img/sorting-icons.svg HTTP/1.1" 304 0
DEBUG 2026-05-08 00:10:55,191 autoreload File C:\xampp\htdocs\servidor\django-ticket\venv\Lib\site-packages\django\template\context_processors.py first seen with mtime 1778214679.0806313
DEBUG 2026-05-08 00:10:55,194 autoreload File C:\xampp\htdocs\servidor\django-ticket\venv\Lib\site-packages\django\middleware\csp.py first seen with mtime 1778214679.0543823
DEBUG 2026-05-08 00:10:55,195 autoreload File C:\Python314\Lib\importlib\resources\_common.py first seen with mtime 1764976580.0
DEBUG 2026-05-08 00:10:55,195 autoreload File C:\xampp\htdocs\servidor\django-ticket\venv\Lib\site-packages\django\contrib\messages\context_processors.py first seen with mtime 1778214676.9016745
DEBUG 2026-05-08 00:10:55,197 autoreload File C:\xampp\htdocs\servidor\django-ticket\venv\Lib\site-packages\tzdata\__init__.py first seen with mtime 1778214657.0721295
DEBUG 2026-05-08 00:10:55,200 autoreload File C:\Python314\Lib\importlib\resources\_functional.py first seen with mtime 1764976580.0
DEBUG 2026-05-08 00:10:55,202 autoreload File C:\xampp\htdocs\servidor\django-ticket\venv\Lib\site-packages\tzdata\zoneinfo\__init__.py first seen with mtime 1778214657.0958862
DEBUG 2026-05-08 00:10:55,204 autoreload File C:\Python314\Lib\zipfile\_path\glob.py first seen with mtime 1764976582.0
DEBUG 2026-05-08 00:10:55,206 autoreload File C:\xampp\htdocs\servidor\django-ticket\venv\Lib\site-packages\django\utils\csp.py first seen with mtime 1778214679.1465275
DEBUG 2026-05-08 00:10:55,208 autoreload File C:\Python314\Lib\encodings\unicode_escape.py first seen with mtime 1764976580.0
DEBUG 2026-05-08 00:10:55,209 autoreload File C:\Python314\Lib\importlib\readers.py first seen with mtime 1764976580.0
DEBUG 2026-05-08 00:10:55,210 autoreload File C:\xampp\htdocs\servidor\django-ticket\venv\Lib\site-packages\django\contrib\auth\context_processors.py first seen with mtime 1778214672.9380672
DEBUG 2026-05-08 00:10:55,211 autoreload File C:\Python314\Lib\importlib\resources\abc.py first seen with mtime 1764976580.0
DEBUG 2026-05-08 00:10:55,213 autoreload File C:\xampp\htdocs\servidor\django-ticket\venv\Lib\site-packages\django\conf\locale\en\__init__.py first seen with mtime 1778214671.085432
DEBUG 2026-05-08 00:10:55,214 autoreload File C:\xampp\htdocs\servidor\django-ticket\venv\Lib\site-packages\django\conf\locale\en\formats.py first seen with mtime 1778214671.0864582
DEBUG 2026-05-08 00:10:55,215 autoreload File C:\Python314\Lib\importlib\resources\_itertools.py first seen with mtime 1764976580.0
DEBUG 2026-05-08 00:10:55,215 autoreload File C:\Python314\Lib\importlib\resources\__init__.py first seen with mtime 1764976580.0
DEBUG 2026-05-08 00:10:55,215 autoreload File C:\Python314\Lib\zipfile\__init__.py first seen with mtime 1764976582.0
DEBUG 2026-05-08 00:10:55,219 autoreload File C:\Python314\Lib\importlib\resources\readers.py first seen with mtime 1764976580.0
DEBUG 2026-05-08 00:10:55,228 autoreload File C:\Python314\Lib\zipfile\_path\__init__.py first seen with mtime 1764976582.0
DEBUG 2026-05-08 00:10:55,229 autoreload File C:\Python314\Lib\importlib\resources\_adapters.py first seen with mtime 1764976580.0
DEBUG 2026-05-08 00:10:55,874 utils (0.001) SELECT "django_session"."session_key", "django_session"."session_data", "django_session"."expire_date" FROM "django_session" WHERE ("django_session"."expire_date" > '2026-05-08T05:10:55.800275+00:00'::timestamptz AND "django_session"."session_key" = 'b611ioopg8pl1y9qkyc3bfqesujyxclg') LIMIT 21; args=(datetime.datetime(2026, 5, 8, 5, 10, 55, 800275, tzinfo=datetime.timezone.utc), 'b611ioopg8pl1y9qkyc3bfqesujyxclg'); alias=default
DEBUG 2026-05-08 00:10:55,876 utils (0.001) SELECT "auth_user"."id", "auth_user"."password", "auth_user"."last_login", "auth_user"."is_superuser", "auth_user"."username", "auth_user"."first_name", "auth_user"."last_name", "auth_user"."email", "auth_user"."is_staff", "auth_user"."is_active", "auth_user"."date_joined" FROM "auth_user" WHERE "auth_user"."id" = 1 LIMIT 21; args=(1,); alias=default
DEBUG 2026-05-08 00:10:55,877 utils (0.001) SELECT COUNT(*) AS "__count" FROM "auth_group"; args=(); alias=default
DEBUG 2026-05-08 00:10:55,878 utils (0.000) SELECT COUNT(*) AS "__count" FROM "auth_group"; args=(); alias=default
DEBUG 2026-05-08 00:10:55,880 utils (0.000) SELECT "auth_group"."id", "auth_group"."name" FROM "auth_group" ORDER BY "auth_group"."name" ASC; args=(); alias=default
INFO 2026-05-08 00:10:55,887 log "GET /admin/auth/group/ HTTP/1.1" 200 8011
DEBUG 2026-05-08 00:10:55,990 utils (0.001) SELECT "django_session"."session_key", "django_session"."session_data", "django_session"."expire_date" FROM "django_session" WHERE ("django_session"."expire_date" > '2026-05-08T05:10:55.934430+00:00'::timestamptz AND "django_session"."session_key" = 'b611ioopg8pl1y9qkyc3bfqesujyxclg') LIMIT 21; args=(datetime.datetime(2026, 5, 8, 5, 10, 55, 934430, tzinfo=datetime.timezone.utc), 'b611ioopg8pl1y9qkyc3bfqesujyxclg'); alias=default
DEBUG 2026-05-08 00:10:55,992 utils (0.001) SELECT "auth_user"."id", "auth_user"."password", "auth_user"."last_login", "auth_user"."is_superuser", "auth_user"."username", "auth_user"."first_name", "auth_user"."last_name", "auth_user"."email", "auth_user"."is_staff", "auth_user"."is_active", "auth_user"."date_joined" FROM "auth_user" WHERE "auth_user"."id" = 1 LIMIT 21; args=(1,); alias=default
INFO 2026-05-08 00:10:55,994 log "GET /admin/jsi18n/ HTTP/1.1" 200 3342
DEBUG 2026-05-08 00:11:03,142 utils (0.001) SELECT "django_session"."session_key", "django_session"."session_data", "django_session"."expire_date" FROM "django_session" WHERE ("django_session"."expire_date" > '2026-05-08T05:11:02.981107+00:00'::timestamptz AND "django_session"."session_key" = 'b611ioopg8pl1y9qkyc3bfqesujyxclg') LIMIT 21; args=(datetime.datetime(2026, 5, 8, 5, 11, 2, 981107, tzinfo=datetime.timezone.utc), 'b611ioopg8pl1y9qkyc3bfqesujyxclg'); alias=default
DEBUG 2026-05-08 00:11:03,143 utils (0.001) SELECT "auth_user"."id", "auth_user"."password", "auth_user"."last_login", "auth_user"."is_superuser", "auth_user"."username", "auth_user"."first_name", "auth_user"."last_name", "auth_user"."email", "auth_user"."is_staff", "auth_user"."is_active", "auth_user"."date_joined" FROM "auth_user" WHERE "auth_user"."id" = 1 LIMIT 21; args=(1,); alias=default
DEBUG 2026-05-08 00:11:03,145 utils (0.001) SELECT "auth_group"."id", "auth_group"."name" FROM "auth_group" ORDER BY "auth_group"."name" ASC; args=(); alias=default
DEBUG 2026-05-08 00:11:03,146 utils (0.000) SELECT COUNT(*) AS "__count" FROM "auth_user"; args=(); alias=default
DEBUG 2026-05-08 00:11:03,147 utils (0.000) SELECT COUNT(*) AS "__count" FROM "auth_user"; args=(); alias=default
DEBUG 2026-05-08 00:11:03,148 utils (0.000) SELECT "auth_user"."id", "auth_user"."password", "auth_user"."last_login", "auth_user"."is_superuser", "auth_user"."username", "auth_user"."first_name", "auth_user"."last_name", "auth_user"."email", "auth_user"."is_staff", "auth_user"."is_active", "auth_user"."date_joined" FROM "auth_user" ORDER BY "auth_user"."username" ASC; args=(); alias=default
INFO 2026-05-08 00:11:03,156 log "GET /admin/auth/user/ HTTP/1.1" 200 11635
DEBUG 2026-05-08 00:11:03,242 utils (0.002) SELECT "django_session"."session_key", "django_session"."session_data", "django_session"."expire_date" FROM "django_session" WHERE ("django_session"."expire_date" > '2026-05-08T05:11:03.190520+00:00'::timestamptz AND "django_session"."session_key" = 'b611ioopg8pl1y9qkyc3bfqesujyxclg') LIMIT 21; args=(datetime.datetime(2026, 5, 8, 5, 11, 3, 190520, tzinfo=datetime.timezone.utc), 'b611ioopg8pl1y9qkyc3bfqesujyxclg'); alias=default
DEBUG 2026-05-08 00:11:03,244 utils (0.001) SELECT "auth_user"."id", "auth_user"."password", "auth_user"."last_login", "auth_user"."is_superuser", "auth_user"."username", "auth_user"."first_name", "auth_user"."last_name", "auth_user"."email", "auth_user"."is_staff", "auth_user"."is_active", "auth_user"."date_joined" FROM "auth_user" WHERE "auth_user"."id" = 1 LIMIT 21; args=(1,); alias=default
INFO 2026-05-08 00:11:03,246 log "GET /admin/jsi18n/ HTTP/1.1" 200 3342
DEBUG 2026-05-08 00:11:15,881 utils (0.002) SELECT "django_session"."session_key", "django_session"."session_data", "django_session"."expire_date" FROM "django_session" WHERE ("django_session"."expire_date" > '2026-05-08T05:11:15.821190+00:00'::timestamptz AND "django_session"."session_key" = 'b611ioopg8pl1y9qkyc3bfqesujyxclg') LIMIT 21; args=(datetime.datetime(2026, 5, 8, 5, 11, 15, 821190, tzinfo=datetime.timezone.utc), 'b611ioopg8pl1y9qkyc3bfqesujyxclg'); alias=default
DEBUG 2026-05-08 00:11:15,884 utils (0.001) SELECT "auth_user"."id", "auth_user"."password", "auth_user"."last_login", "auth_user"."is_superuser", "auth_user"."username", "auth_user"."first_name", "auth_user"."last_name", "auth_user"."email", "auth_user"."is_staff", "auth_user"."is_active", "auth_user"."date_joined" FROM "auth_user" WHERE "auth_user"."id" = 1 LIMIT 21; args=(1,); alias=default
DEBUG 2026-05-08 00:11:15,886 utils (0.000) SELECT "auth_user"."id", "auth_user"."password", "auth_user"."last_login", "auth_user"."is_superuser", "auth_user"."username", "auth_user"."first_name", "auth_user"."last_name", "auth_user"."email", "auth_user"."is_staff", "auth_user"."is_active", "auth_user"."date_joined" FROM "auth_user" WHERE "auth_user"."id" = 1 LIMIT 21; args=(1,); alias=default
DEBUG 2026-05-08 00:11:15,893 utils (0.004) SELECT "auth_group"."id", "auth_group"."name" FROM "auth_group" INNER JOIN "auth_user_groups" ON ("auth_group"."id" = "auth_user_groups"."group_id") WHERE "auth_user_groups"."user_id" = 1; args=(1,); alias=default
DEBUG 2026-05-08 00:11:15,898 utils (0.004) SELECT "auth_permission"."id", "auth_permission"."name", "auth_permission"."content_type_id", "auth_permission"."codename" FROM "auth_permission" INNER JOIN "auth_user_user_permissions" ON ("auth_permission"."id" = "auth_user_user_permissions"."permission_id") INNER JOIN "django_content_type" ON ("auth_permission"."content_type_id" = "django_content_type"."id") WHERE "auth_user_user_permissions"."user_id" = 1 ORDER BY "django_content_type"."app_label" ASC, "django_content_type"."model" ASC, "auth_permission"."codename" ASC; args=(1,); alias=default
DEBUG 2026-05-08 00:11:15,902 utils (0.000) SELECT "django_content_type"."id", "django_content_type"."app_label", "django_content_type"."model" FROM "django_content_type" WHERE ("django_content_type"."app_label" = 'auth' AND "django_content_type"."model" = 'user') LIMIT 21; args=('auth', 'user'); alias=default
DEBUG 2026-05-08 00:11:15,922 base Exception while resolving variable 'password_url' in template 'auth/widgets/read_only_password_hash.html'.
Traceback (most recent call last):
  File "C:\xampp\htdocs\servidor\django-ticket\venv\Lib\site-packages\django\template\base.py", line 965, in _resolve_lookup
    current = current[bit]
              ~~~~~~~^^^^^
  File "C:\xampp\htdocs\servidor\django-ticket\venv\Lib\site-packages\django\template\context.py", line 91, in __getitem__
    raise KeyError(key)
KeyError: 'password_url'

During handling of the above exception, another exception occurred:

Traceback (most recent call last):
  File "C:\xampp\htdocs\servidor\django-ticket\venv\Lib\site-packages\django\template\base.py", line 972, in _resolve_lookup
    if isinstance(current, BaseContext) and getattr(
                                            ~~~~~~~^
        type(current), bit
        ^^^^^^^^^^^^^^^^^^
    ):
    ^
AttributeError: type object 'Context' has no attribute 'password_url'

During handling of the above exception, another exception occurred:

Traceback (most recent call last):
  File "C:\xampp\htdocs\servidor\django-ticket\venv\Lib\site-packages\django\template\base.py", line 982, in _resolve_lookup
    current = current[int(bit)]
                      ~~~^^^^^
ValueError: invalid literal for int() with base 10: 'password_url'

During handling of the above exception, another exception occurred:

Traceback (most recent call last):
  File "C:\xampp\htdocs\servidor\django-ticket\venv\Lib\site-packages\django\template\base.py", line 989, in _resolve_lookup
    raise VariableDoesNotExist(
    ^^^^^^^^^^^^^^^^^^^^^^^^^^^
    ...<2 lines>...
    )  # missing attribute
    ^
django.template.base.VariableDoesNotExist: Failed lookup for key [password_url] in [{'True': True, 'False': False, 'None': None}, {'widget': {'name': 'password', 'is_hidden': False, 'required': False, 'value': 'pbkdf2_sha256$1200000$Oi2Zx9XJC7J1p3AomJJVt8$CcsoyvW7f/tVymvEHXAPPdGTNOdzKOU/MLDLpTMueoc=', 'attrs': {'disabled': True, 'aria-describedby': 'id_password_helptext', 'id': 'id_password'}, 'template_name': 'auth/widgets/read_only_password_hash.html'}, 'button_label': 'Reset password'}]
DEBUG 2026-05-08 00:11:15,939 utils (0.001) DECLARE "_django_curs_23160_sync_1" NO SCROLL CURSOR WITH HOLD FOR SELECT "auth_group"."id", "auth_group"."name" FROM "auth_group" ORDER BY "auth_group"."name" ASC; args=(); alias=default
DEBUG 2026-05-08 00:11:15,948 utils (0.001) DECLARE "_django_curs_23160_sync_2" NO SCROLL CURSOR WITH HOLD FOR SELECT "auth_permission"."id", "auth_permission"."name", "auth_permission"."content_type_id", "auth_permission"."codename", "django_content_type"."id", "django_content_type"."app_label", "django_content_type"."model" FROM "auth_permission" INNER JOIN "django_content_type" ON ("auth_permission"."content_type_id" = "django_content_type"."id") ORDER BY "django_content_type"."app_label" ASC, "django_content_type"."model" ASC, "auth_permission"."codename" ASC; args=(); alias=default
INFO 2026-05-08 00:11:15,970 log "GET /admin/auth/user/1/change/ HTTP/1.1" 200 22278
DEBUG 2026-05-08 00:11:16,120 utils (0.002) SELECT "django_session"."session_key", "django_session"."session_data", "django_session"."expire_date" FROM "django_session" WHERE ("django_session"."expire_date" > '2026-05-08T05:11:16.021401+00:00'::timestamptz AND "django_session"."session_key" = 'b611ioopg8pl1y9qkyc3bfqesujyxclg') LIMIT 21; args=(datetime.datetime(2026, 5, 8, 5, 11, 16, 21401, tzinfo=datetime.timezone.utc), 'b611ioopg8pl1y9qkyc3bfqesujyxclg'); alias=default
DEBUG 2026-05-08 00:11:16,124 utils (0.002) SELECT "auth_user"."id", "auth_user"."password", "auth_user"."last_login", "auth_user"."is_superuser", "auth_user"."username", "auth_user"."first_name", "auth_user"."last_name", "auth_user"."email", "auth_user"."is_staff", "auth_user"."is_active", "auth_user"."date_joined" FROM "auth_user" WHERE "auth_user"."id" = 1 LIMIT 21; args=(1,); alias=default
INFO 2026-05-08 00:11:16,133 log "GET /admin/jsi18n/ HTTP/1.1" 200 3342
INFO 2026-05-08 00:11:16,403 log "GET /static/admin/css/forms.css HTTP/1.1" 200 8831
INFO 2026-05-08 00:11:16,417 log "GET /static/admin/css/widgets.css HTTP/1.1" 200 11811
INFO 2026-05-08 00:11:16,418 log "GET /static/admin/js/SelectFilter2.js HTTP/1.1" 200 16428
INFO 2026-05-08 00:11:16,422 log "GET /static/admin/js/calendar.js HTTP/1.1" 200 9159
INFO 2026-05-08 00:11:16,429 log "GET /static/admin/js/admin/DateTimeShortcuts.js HTTP/1.1" 200 19698
INFO 2026-05-08 00:11:16,429 log "GET /static/admin/js/SelectBox.js HTTP/1.1" 200 4530
INFO 2026-05-08 00:11:16,463 log "GET /static/admin/js/prepopulate_init.js HTTP/1.1" 200 586
INFO 2026-05-08 00:11:16,474 log "GET /static/admin/js/change_form.js HTTP/1.1" 200 606
INFO 2026-05-08 00:11:16,539 log "GET /static/admin/img/selector-icons.svg HTTP/1.1" 200 2387
INFO 2026-05-08 00:11:16,539 log "GET /static/admin/img/icon-calendar.svg HTTP/1.1" 200 1112
INFO 2026-05-08 00:11:16,539 log "GET /static/admin/img/icon-clock.svg HTTP/1.1" 200 805
DEBUG 2026-05-08 00:11:30,251 utils (0.002) SELECT "django_session"."session_key", "django_session"."session_data", "django_session"."expire_date" FROM "django_session" WHERE ("django_session"."expire_date" > '2026-05-08T05:11:30.099882+00:00'::timestamptz AND "django_session"."session_key" = 'b611ioopg8pl1y9qkyc3bfqesujyxclg') LIMIT 21; args=(datetime.datetime(2026, 5, 8, 5, 11, 30, 99882, tzinfo=datetime.timezone.utc), 'b611ioopg8pl1y9qkyc3bfqesujyxclg'); alias=default
DEBUG 2026-05-08 00:11:30,253 utils (0.001) SELECT "auth_user"."id", "auth_user"."password", "auth_user"."last_login", "auth_user"."is_superuser", "auth_user"."username", "auth_user"."first_name", "auth_user"."last_name", "auth_user"."email", "auth_user"."is_staff", "auth_user"."is_active", "auth_user"."date_joined" FROM "auth_user" WHERE "auth_user"."id" = 1 LIMIT 21; args=(1,); alias=default
DEBUG 2026-05-08 00:11:30,255 utils (0.001) SELECT "auth_group"."id", "auth_group"."name" FROM "auth_group" ORDER BY "auth_group"."name" ASC; args=(); alias=default
DEBUG 2026-05-08 00:11:30,256 utils (0.000) SELECT COUNT(*) AS "__count" FROM "auth_user"; args=(); alias=default
DEBUG 2026-05-08 00:11:30,256 utils (0.000) SELECT COUNT(*) AS "__count" FROM "auth_user"; args=(); alias=default
DEBUG 2026-05-08 00:11:30,258 utils (0.000) SELECT "auth_user"."id", "auth_user"."password", "auth_user"."last_login", "auth_user"."is_superuser", "auth_user"."username", "auth_user"."first_name", "auth_user"."last_name", "auth_user"."email", "auth_user"."is_staff", "auth_user"."is_active", "auth_user"."date_joined" FROM "auth_user" ORDER BY "auth_user"."username" ASC; args=(); alias=default
INFO 2026-05-08 00:11:30,265 log "GET /admin/auth/user/ HTTP/1.1" 200 11635
DEBUG 2026-05-08 00:11:30,351 utils (0.001) SELECT "django_session"."session_key", "django_session"."session_data", "django_session"."expire_date" FROM "django_session" WHERE ("django_session"."expire_date" > '2026-05-08T05:11:30.299875+00:00'::timestamptz AND "django_session"."session_key" = 'b611ioopg8pl1y9qkyc3bfqesujyxclg') LIMIT 21; args=(datetime.datetime(2026, 5, 8, 5, 11, 30, 299875, tzinfo=datetime.timezone.utc), 'b611ioopg8pl1y9qkyc3bfqesujyxclg'); alias=default
DEBUG 2026-05-08 00:11:30,353 utils (0.001) SELECT "auth_user"."id", "auth_user"."password", "auth_user"."last_login", "auth_user"."is_superuser", "auth_user"."username", "auth_user"."first_name", "auth_user"."last_name", "auth_user"."email", "auth_user"."is_staff", "auth_user"."is_active", "auth_user"."date_joined" FROM "auth_user" WHERE "auth_user"."id" = 1 LIMIT 21; args=(1,); alias=default
INFO 2026-05-08 00:11:30,354 log "GET /admin/jsi18n/ HTTP/1.1" 200 3342
